0.00,587107.00,0.00,0.00,0.00,0.00,5.00,0.00,0.00
1.00,587104.41,0.47,2.12,0.00,0.00,1.88,0.00,3.12
2.00,587103.44,0.56,2.51,0.05,0.26,0.75,0.14,4.30
3.00,587102.83,0.56,2.52,0.10,0.58,0.33,0.22,4.85
4.00,587102.22,0.56,2.54,0.15,0.89,0.18,0.25,5.20
5.00,587101.49,0.59,2.65,0.21,1.21,0.12,0.27,5.47
6.00,587100.60,0.64,2.86,0.26,1.54,0.10,0.28,5.71
7.00,587099.52,0.71,3.19,0.32,1.90,0.10,0.30,5.95
8.00,587098.24,0.81,3.63,0.39,2.30,0.11,0.33,6.20
9.00,587096.70,0.93,4.19,0.47,2.75,0.12,0.37,6.47
10.00,587094.88,1.08,4.87,0.56,3.28,0.13,0.42,6.77
11.00,587092.72,1.27,5.70,0.66,3.89,0.15,0.49,7.12
12.00,587090.17,1.49,6.69,0.79,4.60,0.18,0.57,7.52
13.00,587087.16,1.75,7.87,0.93,5.44,0.21,0.66,7.98
14.00,587083.60,2.06,9.27,1.10,6.42,0.25,0.78,8.53
15.00,587079.41,2.43,10.92,1.30,7.58,0.29,0.92,9.17
16.00,587074.45,2.86,12.87,1.53,8.94,0.34,1.08,9.92
17.00,587068.61,3.37,15.18,1.80,10.55,0.40,1.27,10.81
18.00,587061.71,3.98,17.90,2.13,12.45,0.48,1.50,11.86
19.00,587053.58,4.69,21.11,2.51,14.69,0.56,1.77,13.09
20.00,587043.99,5.53,24.90,2.96,17.33,0.66,2.08,14.55
21.00,587032.67,6.53,29.38,3.49,20.44,0.78,2.46,16.26
22.00,587019.31,7.70,34.65,4.12,24.11,0.92,2.90,18.28
23.00,587003.56,9.08,40.88,4.86,28.44,1.09,3.42,20.67
24.00,586984.98,10.72,48.22,5.74,33.55,1.28,4.03,23.49
25.00,586963.05,12.64,56.88,6.77,39.58,1.51,4.76,26.81
26.00,586937.19,14.91,67.10,7.98,46.69,1.78,5.61,30.73
27.00,586906.69,17.59,79.16,9.41,55.08,2.10,6.62,35.35
28.00,586870.70,20.75,93.38,11.11,64.97,2.48,7.81,40.80
29.00,586828.26,24.48,110.15,13.10,76.64,2.93,9.21,47.23
30.00,586778.19,28.87,129.93,15.46,90.41,3.45,10.87,54.82
31.00,586719.13,34.06,153.27,18.23,106.65,4.07,12.82,63.77
32.00,586649.46,40.18,180.79,21.51,125.81,4.80,15.12,74.33
33.00,586567.30,47.39,213.25,25.37,148.41,5.66,17.84,86.78
34.00,586470.38,55.90,251.54,29.93,175.07,6.68,21.04,101.47
35.00,586356.08,65.93,296.69,35.30,206.51,7.88,24.82,118.80
36.00,586221.27,77.76,349.93,41.64,243.60,9.29,29.28,139.24
37.00,586062.29,91.71,412.71,49.12,287.34,10.96,34.53,163.34
38.00,585874.81,108.16,486.73,57.94,338.92,12.93,40.73,191.78
39.00,585653.75,127.55,574.00,68.34,399.77,15.25,48.03,225.31
40.00,585393.11,150.42,676.87,80.60,471.52,17.98,56.65,264.86
41.00,585085.82,177.36,798.11,95.06,556.12,21.21,66.80,311.51
42.00,584723.60,209.11,941.00,112.12,655.89,25.01,78.77,366.51
43.00,584296.67,246.52,1109.34,132.22,773.51,29.48,92.87,431.37
44.00,583793.57,290.59,1307.63,155.93,912.18,34.76,109.50,507.85
45.00,583200.81,342.48,1541.15,183.87,1075.63,40.98,129.07,598.01
46.00,582502.58,403.57,1816.05,216.80,1268.28,48.30,152.13,704.29
47.00,581680.34,475.46,2139.56,255.60,1495.28,56.92,179.28,829.56
48.00,580712.37,560.02,2520.08,301.32,1762.73,67.06,211.24,977.18
49.00,579573.28,659.43,2967.43,355.17,2077.74,79.00,248.84,1151.12
50.00,578233.40,776.23,3493.04,418.58,2448.67,93.03,293.04,1356.01
51.00,576658.18,913.36,4110.12,493.21,2885.30,109.52,345.00,1597.31
52.00,574807.42,1074.21,4833.97,581.04,3399.06,128.89,406.02,1881.39
53.00,572634.51,1262.71,5682.19,684.33,4003.31,151.63,477.62,2215.71
54.00,570085.55,1483.33,6674.98,805.74,4713.58,178.27,561.56,2608.99
55.00,567098.48,1741.18,7835.30,948.37,5547.95,209.48,659.86,3071.38
56.00,563602.13,2042.03,9189.15,1115.79,6527.37,245.98,774.82,3614.72
57.00,559515.38,2392.38,10765.72,1312.14,7676.01,288.59,909.06,4252.72
58.00,554746.32,2799.41,12597.35,1542.18,9021.73,338.26,1065.51,5001.26
59.00,549191.69,3270.99,14719.47,1811.35,10596.39,396.02,1247.47,5878.61
60.00,542736.64,3815.60,17170.21,2125.87,12436.33,463.03,1458.53,6905.79
61.00,535254.89,4442.15,19989.68,2492.75,14582.60,540.52,1702.64,8106.77
62.00,526609.79,5159.73,23218.77,2919.88,17081.31,629.82,1983.95,9508.74
63.00,516656.25,5977.21,26897.43,3416.01,19983.66,732.31,2306.78,11142.35
64.00,505244.08,6902.68,31062.08,3990.74,23345.84,849.35,2675.45,13041.78
65.00,492223.01,7942.71,35742.20,4654.46,27228.60,982.23,3094.01,15244.78
66.00,477449.77,9101.31,40955.90,5418.18,31696.38,1132.06,3565.98,17792.43
67.00,460797.52,10378.74,46704.33,6293.31,36815.86,1299.65,4093.89,20728.70
68.00,442167.74,11770.06,52965.27,7291.27,42653.90,1485.32,4678.77,24099.66
69.00,421504.49,13263.54,59685.95,8423.00,49274.56,1688.73,5319.51,27952.22
70.00,398810.30,14839.08,66775.85,9698.34,56735.31,1908.62,6012.14,32332.37
71.00,374162.72,16466.79,74100.54,11125.18,65082.29,2142.57,6749.08,37282.84
72.00,347729.37,18106.16,81477.73,12708.52,74344.86,2386.81,7518.44,42840.12
73.00,319779.00,19706.09,88677.42,14449.50,84529.57,2636.03,8303.49,49030.90
74.00,290685.53,21206.18,95427.81,16344.32,95614.25,2883.33,9082.48,55868.10
75.00,260921.92,22539.63,101428.36,18383.37,107542.72,3120.30,9828.96,63346.73
76.00,231041.62,23637.87,106370.42,20550.64,120221.27,3337.39,10512.77,71440.02
77.00,201647.19,24436.57,109964.56,22823.52,133517.57,3524.39,11101.84,80096.37
78.00,173348.08,24882.52,111971.35,25173.19,147263.14,3671.32,11564.65,89237.76
79.00,146712.45,24940.26,112231.19,27565.74,161259.56,3769.29,11873.28,98760.24
80.00,122220.20,24597.20,110687.38,29963.84,175288.46,3811.59,12006.50,108536.84
81.00,100225.06,23866.08,107397.36,32328.95,189124.38,3794.46,11952.55,118423.15
82.00,80932.32,22784.22,102528.99,34623.77,202549.05,3717.74,11710.87,128265.03
83.00,64395.46,21409.34,96342.04,36814.56,215365.18,3584.94,11292.57,137907.91
84.00,50530.96,19812.98,89158.41,38873.15,227407.93,3402.94,10719.27,147206.36
85.00,39146.73,18072.65,81326.93,40778.24,238552.73,3181.20,10020.77,156032.74
86.00,29977.50,16264.27,73189.24,42516.00,248718.60,2930.70,9231.72,164283.98
87.00,22720.40,14456.00,65052.01,44079.87,257867.25,2662.89,8388.09,171885.49
88.00,17065.67,12704.13,57168.60,45469.87,265998.75,2388.58,7524.04,178792.35
89.00,12719.48,11051.25,49730.62,46691.42,273144.83,2117.27,6669.40,184987.74
90.00,9418.33,9526.22,42867.97,47754.04,279361.15,1856.60,5848.28,190479.41
91.00,6936.11,8145.56,36655.04,48670.03,284719.65,1612.21,5078.45,195294.95
92.00,5085.38,6915.61,31120.23,49453.25,289301.53,1387.80,4371.58,199476.61
93.00,3715.14,5834.82,26256.68,50118.22,293191.56,1185.39,3733.97,203076.23
94.00,2706.43,4896.14,22032.62,50679.26,296473.64,1005.56,3167.52,206150.83
95.00,1967.29,4088.96,18400.33,51150.04,299227.72,847.87,2670.78,208759.01
96.00,1427.66,3400.74,15303.32,51543.21,301527.76,711.12,2240.03,210958.16
97.00,1034.81,2818.18,12681.79,51870.20,303440.68,593.66,1870.04,212802.63
98.00,749.46,2328.10,10476.46,52141.18,305025.90,493.60,1554.85,214342.45
99.00,542.51,1918.02,8631.07,52365.04,306335.46,408.96,1288.21,215622.73
100.00,392.61,1576.42,7093.90,52549.46,307414.34,337.78,1064.02,216683.46
101.00,284.11,1292.99,5818.46,52701.04,308301.08,278.25,876.48,217559.59
102.00,205.62,1058.61,4763.74,52825.37,309028.39,228.67,720.31,218281.29
103.00,148.85,865.35,3894.09,52927.16,309623.86,187.54,590.75,218874.40
104.00,107.79,706.40,3178.82,53010.36,310110.62,153.53,483.63,219360.83
105.00,78.09,575.96,2591.81,53078.29,310507.97,125.50,395.32,219759.06
106.00,56.61,469.10,2110.96,53133.67,310831.95,102.44,322.69,220084.58
107.00,41.05,381.72,1717.73,53178.77,311095.82,83.52,263.09,220350.29
108.00,29.79,310.36,1396.62,53215.48,311310.53,68.02,214.28,220566.92
109.00,21.63,252.16,1134.71,53245.32,311485.11,55.35,174.36,220743.36
110.00,15.72,204.74,921.34,53269.56,311626.95,45.00,141.76,220886.93
111.00,11.43,166.15,747.67,53289.25,311742.12,36.56,115.17,221003.66
112.00,8.31,134.76,606.43,53305.23,311835.58,29.69,93.51,221098.49
113.00,6.05,109.26,491.66,53318.18,311911.38,24.09,75.89,221175.49
114.00,4.41,88.55,398.45,53328.69,311972.84,19.54,61.55,221237.97
115.00,3.21,71.73,322.81,53337.20,312022.64,15.84,49.90,221288.66
116.00,2.34,58.10,261.44,53344.10,312062.99,12.84,40.44,221329.74
117.00,1.71,47.04,211.68,53349.69,312095.67,10.40,32.76,221363.04
118.00,1.25,38.08,171.35,53354.21,312122.13,8.42,26.53,221390.02
119.00,0.91,30.82,138.67,53357.87,312143.55,6.82,21.48,221411.87
120.00,0.67,24.93,112.21,53360.84,312160.89,5.52,17.39,221429.56
121.00,0.49,20.17,90.77,53363.23,312174.91,4.47,14.07,221443.88
122.00,0.36,16.32,73.43,53365.17,312186.26,3.62,11.39,221455.46
123.00,0.26,13.20,59.38,53366.74,312195.44,2.92,9.21,221464.84
124.00,0.19,10.67,48.02,53368.01,312202.86,2.37,7.45,221472.43
125.00,0.14,8.63,38.83,53369.04,312208.86,1.91,6.03,221478.56
126.00,0.10,6.98,31.39,53369.87,312213.72,1.55,4.87,221483.52
127.00,0.08,5.64,25.38,53370.54,312217.64,1.25,3.94,221487.54
128.00,0.06,4.56,20.51,53371.08,312220.81,1.01,3.19,221490.78
129.00,0.04,3.68,16.58,53371.52,312223.38,0.82,2.58,221493.40
130.00,0.03,2.98,13.40,53371.87,312225.45,0.66,2.08,221495.53
131.00,0.02,2.41,10.83,53372.16,312227.13,0.53,1.68,221497.24
132.00,0.02,1.95,8.75,53372.39,312228.48,0.43,1.36,221498.63
133.00,0.01,1.57,7.07,53372.58,312229.57,0.35,1.10,221499.75
134.00,0.01,1.27,5.72,53372.73,312230.46,0.28,0.89,221500.65
135.00,0.01,1.03,4.62,53372.85,312231.17,0.23,0.72,221501.38
136.00,0.00,0.83,3.73,53372.95,312231.75,0.18,0.58,221501.97
137.00,0.00,0.67,3.01,53373.03,312232.22,0.15,0.47,221502.45
138.00,0.00,0.54,2.44,53373.09,312232.59,0.12,0.38,221502.84
139.00,0.00,0.44,1.97,53373.14,312232.90,0.10,0.31,221503.15
140.00,0.00,0.35,1.59,53373.19,312233.14,0.08,0.25,221503.40
141.00,0.00,0.29,1.28,53373.22,312233.34,0.06,0.20,221503.60
142.00,0.00,0.23,1.04,53373.25,312233.50,0.05,0.16,221503.77
143.00,0.00,0.19,0.84,53373.27,312233.63,0.04,0.13,221503.90
144.00,0.00,0.15,0.68,53373.29,312233.74,0.03,0.11,221504.01
145.00,0.00,0.12,0.55,53373.30,312233.82,0.03,0.09,221504.09
146.00,0.00,0.10,0.44,53373.31,312233.89,0.02,0.07,221504.16
147.00,0.00,0.08,0.36,53373.32,312233.95,0.02,0.06,221504.22
148.00,0.00,0.06,0.29,53373.33,312233.99,0.01,0.04,221504.27
149.00,0.00,0.05,0.23,53373.34,312234.03,0.01,0.04,221504.30
150.00,0.00,0.04,0.19,53373.34,312234.05,0.01,0.03,221504.33
151.00,0.00,0.03,0.15,53373.35,312234.08,0.01,0.02,221504.36
152.00,0.00,0.03,0.12,53373.35,312234.10,0.01,0.02,221504.38
153.00,0.00,0.02,0.10,53373.35,312234.11,0.00,0.02,221504.39
154.00,0.00,0.02,0.08,53373.35,312234.13,0.00,0.01,221504.41
155.00,0.00,0.01,0.06,53373.36,312234.14,0.00,0.01,221504.42
156.00,0.00,0.01,0.05,53373.36,312234.14,0.00,0.01,221504.42
157.00,0.00,0.01,0.04,53373.36,312234.15,0.00,0.01,221504.43
158.00,0.00,0.01,0.03,53373.36,312234.16,0.00,0.01,221504.44
159.00,0.00,0.01,0.03,53373.36,312234.16,0.00,0.00,221504.44
160.00,0.00,0.00,0.02,53373.36,312234.16,0.00,0.00,221504.44
161.00,0.00,0.00,0.02,53373.36,312234.17,0.00,0.00,221504.45
162.00,0.00,0.00,0.01,53373.36,312234.17,0.00,0.00,221504.45
163.00,0.00,0.00,0.01,53373.36,312234.17,0.00,0.00,221504.45
164.00,0.00,0.00,0.01,53373.36,312234.17,0.00,0.00,221504.45
165.00,0.00,0.00,0.01,53373.36,312234.17,0.00,0.00,221504.45
166.00,0.00,0.00,0.01,53373.36,312234.17,0.00,0.00,221504.45
167.00,0.00,0.00,0.00,53373.36,312234.17,0.00,0.00,221504.46
168.00,0.00,0.00,0.00,53373.36,312234.17,0.00,0.00,221504.46
169.00,0.00,0.00,0.00,53373.36,312234.18,0.00,0.00,221504.46
170.00,0.00,0.00,0.00,53373.36,312234.18,0.00,0.00,221504.46
171.00,0.00,0.00,0.00,53373.36,312234.18,0.00,0.00,221504.46
172.00,0.00,0.00,0.00,53373.36,312234.18,0.00,0.00,221504.46
173.00,0.00,0.00,0.00,53373.36,312234.18,0.00,0.00,221504.46
174.00,0.00,0.00,0.00,53373.36,312234.18,0.00,0.00,221504.46
175.00,0.00,0.00,0.00,53373.36,312234.18,0.00,0.00,221504.46
176.00,0.00,0.00,0.00,53373.36,312234.18,0.00,0.00,221504.46
177.00,0.00,0.00,0.00,53373.36,312234.18,0.00,0.00,221504.46
178.00,0.00,0.00,0.00,53373.36,312234.18,0.00,0.00,221504.46
179.00,0.00,0.00,0.00,53373.36,312234.18,0.00,0.00,221504.46
180.00,0.00,0.00,0.00,53373.36,312234.18,0.00,0.00,221504.46
181.00,0.00,0.00,0.00,53373.36,312234.18,0.00,0.00,221504.46
182.00,0.00,0.00,0.00,53373.36,312234.18,0.00,0.00,221504.46
183.00,0.00,0.00,0.00,53373.36,312234.18,0.00,0.00,221504.46
184.00,0.00,0.00,0.00,53373.36,312234.18,0.00,0.00,221504.46
185.00,0.00,0.00,0.00,53373.36,312234.18,0.00,0.00,221504.46
186.00,0.00,0.00,0.00,53373.36,312234.18,0.00,0.00,221504.46
187.00,0.00,0.00,0.00,53373.36,312234.18,0.00,0.00,221504.46
188.00,0.00,0.00,0.00,53373.36,312234.18,0.00,0.00,221504.46
189.00,0.00,0.00,0.00,53373.36,312234.18,0.00,0.00,221504.46
190.00,0.00,0.00,0.00,53373.36,312234.18,0.00,0.00,221504.46
191.00,0.00,0.00,0.00,53373.36,312234.18,0.00,0.00,221504.46
192.00,0.00,0.00,0.00,53373.36,312234.18,0.00,0.00,221504.46
193.00,0.00,0.00,0.00,53373.36,312234.18,0.00,0.00,221504.46
194.00,0.00,0.00,0.00,53373.36,312234.18,0.00,0.00,221504.46
195.00,0.00,0.00,0.00,53373.36,312234.18,0.00,0.00,221504.46
196.00,0.00,0.00,0.00,53373.36,312234.18,0.00,0.00,221504.46
197.00,0.00,0.00,0.00,53373.36,312234.18,0.00,0.00,221504.46
198.00,0.00,0.00,0.00,53373.36,312234.18,0.00,0.00,221504.46
199.00,0.00,0.00,0.00,53373.36,312234.18,0.00,0.00,221504.46
200.00,0.00,0.00,0.00,53373.36,312234.18,0.00,0.00,221504.46
201.00,0.00,0.00,0.00,53373.36,312234.18,0.00,0.00,221504.46
202.00,0.00,0.00,0.00,53373.36,312234.18,0.00,0.00,221504.46
203.00,0.00,0.00,0.00,53373.36,312234.18,0.00,0.00,221504.46
204.00,0.00,0.00,0.00,53373.36,312234.18,0.00,0.00,221504.46
205.00,0.00,0.00,0.00,53373.36,312234.18,0.00,0.00,221504.46
206.00,0.00,0.00,0.00,53373.36,312234.18,0.00,0.00,221504.46
207.00,0.00,0.00,0.00,53373.36,312234.18,0.00,0.00,221504.46
208.00,0.00,0.00,0.00,53373.36,312234.18,0.00,0.00,221504.46
209.00,0.00,0.00,0.00,53373.36,312234.18,0.00,0.00,221504.46
210.00,0.00,0.00,0.00,53373.36,312234.18,0.00,0.00,221504.46
211.00,0.00,0.00,0.00,53373.36,312234.18,0.00,0.00,221504.46
212.00,0.00,0.00,0.00,53373.36,312234.18,0.00,0.00,221504.46
213.00,0.00,0.00,0.00,53373.36,312234.18,0.00,0.00,221504.46
214.00,0.00,0.00,0.00,53373.36,312234.18,0.00,0.00,221504.46
215.00,0.00,0.00,0.00,53373.36,312234.18,0.00,0.00,221504.46
216.00,0.00,0.00,0.00,53373.36,312234.18,0.00,0.00,221504.46
217.00,0.00,0.00,0.00,53373.36,312234.18,0.00,0.00,221504.46
218.00,0.00,0.00,0.00,53373.36,312234.18,0.00,0.00,221504.46
219.00,0.00,0.00,0.00,53373.36,312234.18,0.00,0.00,221504.46
220.00,0.00,0.00,0.00,53373.36,312234.18,0.00,0.00,221504.46
221.00,0.00,0.00,0.00,53373.36,312234.18,0.00,0.00,221504.46
222.00,0.00,0.00,0.00,53373.36,312234.18,0.00,0.00,221504.46
223.00,0.00,0.00,0.00,53373.36,312234.18,0.00,0.00,221504.46
224.00,0.00,0.00,0.00,53373.36,312234.18,0.00,0.00,221504.46
225.00,0.00,0.00,0.00,53373.36,312234.18,0.00,0.00,221504.46
226.00,0.00,0.00,0.00,53373.36,312234.18,0.00,0.00,221504.46
227.00,0.00,0.00,0.00,53373.36,312234.18,0.00,0.00,221504.46
228.00,0.00,0.00,0.00,53373.36,312234.18,0.00,0.00,221504.46
229.00,0.00,0.00,0.00,53373.36,312234.18,0.00,0.00,221504.46
230.00,0.00,0.00,0.00,53373.36,312234.18,0.00,0.00,221504.46
231.00,0.00,0.00,0.00,53373.36,312234.18,0.00,0.00,221504.46
232.00,0.00,0.00,0.00,53373.36,312234.18,0.00,0.00,221504.46
233.00,0.00,0.00,0.00,53373.36,312234.18,0.00,0.00,221504.46
234.00,0.00,0.00,0.00,53373.36,312234.18,0.00,0.00,221504.46
235.00,0.00,0.00,0.00,53373.36,312234.18,0.00,0.00,221504.46
236.00,0.00,0.00,0.00,53373.36,312234.18,0.00,0.00,221504.46
237.00,0.00,0.00,0.00,53373.36,312234.18,0.00,0.00,221504.46
238.00,0.00,0.00,0.00,53373.36,312234.18,0.00,0.00,221504.46
239.00,0.00,0.00,0.00,53373.36,312234.18,0.00,0.00,221504.46
240.00,0.00,0.00,0.00,53373.36,312234.18,0.00,0.00,221504.46
241.00,0.00,0.00,0.00,53373.36,312234.18,0.00,0.00,221504.46
242.00,0.00,0.00,0.00,53373.36,312234.18,0.00,0.00,221504.46
243.00,0.00,0.00,0.00,53373.36,312234.18,0.00,0.00,221504.46
244.00,0.00,0.00,0.00,53373.36,312234.18,0.00,0.00,221504.46
245.00,0.00,0.00,0.00,53373.36,312234.18,0.00,0.00,221504.46
246.00,0.00,0.00,0.00,53373.36,312234.18,0.00,0.00,221504.46
247.00,0.00,0.00,0.00,53373.36,312234.18,0.00,0.00,221504.46
248.00,0.00,0.00,0.00,53373.36,312234.18,0.00,0.00,221504.46
249.00,0.00,0.00,0.00,53373.36,312234.18,0.00,0.00,221504.46
250.00,0.00,0.00,0.00,53373.36,312234.18,0.00,0.00,221504.46
251.00,0.00,0.00,0.00,53373.36,312234.18,0.00,0.00,221504.46
252.00,0.00,0.00,0.00,53373.36,312234.18,0.00,0.00,221504.46
253.00,0.00,0.00,0.00,53373.36,312234.18,0.00,0.00,221504.46
254.00,0.00,0.00,0.00,53373.36,312234.18,0.00,0.00,221504.46
255.00,0.00,0.00,0.00,53373.36,312234.18,0.00,0.00,221504.46
256.00,0.00,0.00,0.00,53373.36,312234.18,0.00,0.00,221504.46
257.00,0.00,0.00,0.00,53373.36,312234.18,0.00,0.00,221504.46
258.00,0.00,0.00,0.00,53373.36,312234.18,0.00,0.00,221504.46
259.00,0.00,0.00,0.00,53373.36,312234.18,0.00,0.00,221504.46
260.00,0.00,0.00,0.00,53373.36,312234.18,0.00,0.00,221504.46
261.00,0.00,0.00,0.00,53373.36,312234.18,0.00,0.00,221504.46
262.00,0.00,0.00,0.00,53373.36,312234.18,0.00,0.00,221504.46
263.00,0.00,0.00,0.00,53373.36,312234.18,0.00,0.00,221504.46
264.00,0.00,0.00,0.00,53373.36,312234.18,0.00,0.00,221504.46
265.00,0.00,0.00,0.00,53373.36,312234.18,0.00,0.00,221504.46
266.00,0.00,0.00,0.00,53373.36,312234.18,0.00,0.00,221504.46
267.00,0.00,0.00,0.00,53373.36,312234.18,0.00,0.00,221504.46
268.00,0.00,0.00,0.00,53373.36,312234.18,0.00,0.00,221504.46
269.00,0.00,0.00,0.00,53373.36,312234.18,0.00,0.00,221504.46
270.00,0.00,0.00,0.00,53373.36,312234.18,0.00,0.00,221504.46
271.00,0.00,0.00,0.00,53373.36,312234.18,0.00,0.00,221504.46
272.00,0.00,0.00,0.00,53373.36,312234.18,0.00,0.00,221504.46
273.00,0.00,0.00,0.00,53373.36,312234.18,0.00,0.00,221504.46
274.00,0.00,0.00,0.00,53373.36,312234.18,0.00,0.00,221504.46
275.00,0.00,0.00,0.00,53373.36,312234.18,0.00,0.00,221504.46
276.00,0.00,0.00,0.00,53373.36,312234.18,0.00,0.00,221504.46
277.00,0.00,0.00,0.00,53373.36,312234.18,0.00,0.00,221504.46
278.00,0.00,0.00,0.00,53373.36,312234.18,0.00,0.00,221504.46
279.00,0.00,0.00,0.00,53373.36,312234.18,0.00,0.00,221504.46
280.00,0.00,0.00,0.00,53373.36,312234.18,0.00,0.00,221504.46
281.00,0.00,0.00,0.00,53373.36,312234.18,0.00,0.00,221504.46
282.00,0.00,0.00,0.00,53373.36,312234.18,0.00,0.00,221504.46
283.00,0.00,0.00,0.00,53373.36,312234.18,0.00,0.00,221504.46
284.00,0.00,0.00,0.00,53373.36,312234.18,0.00,0.00,221504.46
285.00,0.00,0.00,0.00,53373.36,312234.18,0.00,0.00,221504.46
286.00,0.00,0.00,0.00,53373.36,312234.18,0.00,0.00,221504.46
287.00,0.00,0.00,0.00,53373.36,312234.18,0.00,0.00,221504.46
288.00,0.00,0.00,0.00,53373.36,312234.18,0.00,0.00,221504.46
289.00,0.00,0.00,0.00,53373.36,312234.18,0.00,0.00,221504.46
290.00,0.00,0.00,0.00,53373.36,312234.18,0.00,0.00,221504.46
291.00,0.00,0.00,0.00,53373.36,312234.18,0.00,0.00,221504.46
292.00,0.00,0.00,0.00,53373.36,312234.18,0.00,0.00,221504.46
293.00,0.00,0.00,0.00,53373.36,312234.18,0.00,0.00,221504.46
294.00,0.00,0.00,0.00,53373.36,312234.18,0.00,0.00,221504.46
295.00,0.00,0.00,0.00,53373.36,312234.18,0.00,0.00,221504.46
296.00,0.00,0.00,0.00,53373.36,312234.18,0.00,0.00,221504.46
297.00,0.00,0.00,0.00,53373.36,312234.18,0.00,0.00,221504.46
298.00,0.00,0.00,0.00,53373.36,312234.18,0.00,0.00,221504.46
299.00,0.00,0.00,0.00,53373.36,312234.18,0.00,0.00,221504.46
300.00,0.00,0.00,0.00,53373.36,312234.18,0.00,0.00,221504.46
301.00,0.00,0.00,0.00,53373.36,312234.18,0.00,0.00,221504.46
302.00,0.00,0.00,0.00,53373.36,312234.18,0.00,0.00,221504.46
303.00,0.00,0.00,0.00,53373.36,312234.18,0.00,0.00,221504.46
304.00,0.00,0.00,0.00,53373.36,312234.18,0.00,0.00,221504.46
305.00,0.00,0.00,0.00,53373.36,312234.18,0.00,0.00,221504.46
306.00,0.00,0.00,0.00,53373.36,312234.18,0.00,0.00,221504.46
307.00,0.00,0.00,0.00,53373.36,312234.18,0.00,0.00,221504.46
308.00,0.00,0.00,0.00,53373.36,312234.18,0.00,0.00,221504.46
309.00,0.00,0.00,0.00,53373.36,312234.18,0.00,0.00,221504.46
310.00,0.00,0.00,0.00,53373.36,312234.18,0.00,0.00,221504.46
311.00,0.00,0.00,0.00,53373.36,312234.18,0.00,0.00,221504.46
312.00,0.00,0.00,0.00,53373.36,312234.18,0.00,0.00,221504.46
313.00,0.00,0.00,0.00,53373.36,312234.18,0.00,0.00,221504.46
314.00,0.00,0.00,0.00,53373.36,312234.18,0.00,0.00,221504.46
315.00,0.00,0.00,0.00,53373.36,312234.18,0.00,0.00,221504.46
316.00,0.00,0.00,0.00,53373.36,312234.18,0.00,0.00,221504.46
317.00,0.00,0.00,0.00,53373.36,312234.18,0.00,0.00,221504.46
318.00,0.00,0.00,0.00,53373.36,312234.18,0.00,0.00,221504.46
319.00,0.00,0.00,0.00,53373.36,312234.18,0.00,0.00,221504.46
320.00,0.00,0.00,0.00,53373.36,312234.18,0.00,0.00,221504.46
321.00,0.00,0.00,0.00,53373.36,312234.18,0.00,0.00,221504.46
322.00,0.00,0.00,0.00,53373.36,312234.18,0.00,0.00,221504.46
323.00,0.00,0.00,0.00,53373.36,312234.18,0.00,0.00,221504.46
324.00,0.00,0.00,0.00,53373.36,312234.18,0.00,0.00,221504.46
325.00,0.00,0.00,0.00,53373.36,312234.18,0.00,0.00,221504.46
326.00,0.00,0.00,0.00,53373.36,312234.18,0.00,0.00,221504.46
327.00,0.00,0.00,0.00,53373.36,312234.18,0.00,0.00,221504.46
328.00,0.00,0.00,0.00,53373.36,312234.18,0.00,0.00,221504.46
329.00,0.00,0.00,0.00,53373.36,312234.18,0.00,0.00,221504.46
330.00,0.00,0.00,0.00,53373.36,312234.18,0.00,0.00,221504.46
331.00,0.00,0.00,0.00,53373.36,312234.18,0.00,0.00,221504.46
332.00,0.00,0.00,0.00,53373.36,312234.18,0.00,0.00,221504.46
333.00,0.00,0.00,0.00,53373.36,312234.18,0.00,0.00,221504.46
334.00,0.00,0.00,0.00,53373.36,312234.18,0.00,0.00,221504.46
335.00,0.00,0.00,0.00,53373.36,312234.18,0.00,0.00,221504.46
336.00,0.00,0.00,0.00,53373.36,312234.18,0.00,0.00,221504.46
337.00,0.00,0.00,0.00,53373.36,312234.18,0.00,0.00,221504.46
338.00,0.00,0.00,0.00,53373.36,312234.18,0.00,0.00,221504.46
339.00,0.00,0.00,0.00,53373.36,312234.18,0.00,0.00,221504.46
340.00,0.00,0.00,0.00,53373.36,312234.18,0.00,0.00,221504.46
341.00,0.00,0.00,0.00,53373.36,312234.18,0.00,0.00,221504.46
342.00,0.00,0.00,0.00,53373.36,312234.18,0.00,0.00,221504.46
343.00,0.00,0.00,0.00,53373.36,312234.18,0.00,0.00,221504.46
344.00,0.00,0.00,0.00,53373.36,312234.18,0.00,0.00,221504.46
345.00,0.00,0.00,0.00,53373.36,312234.18,0.00,0.00,221504.46
346.00,0.00,0.00,0.00,53373.36,312234.18,0.00,0.00,221504.46
347.00,0.00,0.00,0.00,53373.36,312234.18,0.00,0.00,221504.46
348.00,0.00,0.00,0.00,53373.36,312234.18,0.00,0.00,221504.46
349.00,0.00,0.00,0.00,53373.36,312234.18,0.00,0.00,221504.46
350.00,0.00,0.00,0.00,53373.36,312234.18,0.00,0.00,221504.46
351.00,0.00,0.00,0.00,53373.36,312234.18,0.00,0.00,221504.46
352.00,0.00,0.00,0.00,53373.36,312234.18,0.00,0.00,221504.46
353.00,0.00,0.00,0.00,53373.36,312234.18,0.00,0.00,221504.46
354.00,0.00,0.00,0.00,53373.36,312234.18,0.00,0.00,221504.46
355.00,0.00,0.00,0.00,53373.36,312234.18,0.00,0.00,221504.46
356.00,0.00,0.00,0.00,53373.36,312234.18,0.00,0.00,221504.46
357.00,0.00,0.00,0.00,53373.36,312234.18,0.00,0.00,221504.46
358.00,0.00,0.00,0.00,53373.36,312234.18,0.00,0.00,221504.46
359.00,0.00,0.00,0.00,53373.36,312234.18,0.00,0.00,221504.46
360.00,0.00,0.00,0.00,53373.36,312234.18,0.00,0.00,221504.46
361.00,0.00,0.00,0.00,53373.36,312234.18,0.00,0.00,221504.46
362.00,0.00,0.00,0.00,53373.36,312234.18,0.00,0.00,221504.46
363.00,0.00,0.00,0.00,53373.36,312234.18,0.00,0.00,221504.46
364.00,0.00,0.00,0.00,53373.36,312234.18,0.00,0.00,221504.46
365.00,0.00,0.00,0.00,53373.36,312234.18,0.00,0.00,221504.46
366.00,0.00,0.00,0.00,53373.36,312234.18,0.00,0.00,221504.46
367.00,0.00,0.00,0.00,53373.36,312234.18,0.00,0.00,221504.46
368.00,0.00,0.00,0.00,53373.36,312234.18,0.00,0.00,221504.46
369.00,0.00,0.00,0.00,53373.36,312234.18,0.00,0.00,221504.46
370.00,0.00,0.00,0.00,53373.36,312234.18,0.00,0.00,221504.46
371.00,0.00,0.00,0.00,53373.36,312234.18,0.00,0.00,221504.46
372.00,0.00,0.00,0.00,53373.36,312234.18,0.00,0.00,221504.46
373.00,0.00,0.00,0.00,53373.36,312234.18,0.00,0.00,221504.46
374.00,0.00,0.00,0.00,53373.36,312234.18,0.00,0.00,221504.46
375.00,0.00,0.00,0.00,53373.36,312234.18,0.00,0.00,221504.46
376.00,0.00,0.00,0.00,53373.36,312234.18,0.00,0.00,221504.46
377.00,0.00,0.00,0.00,53373.36,312234.18,0.00,0.00,221504.46
378.00,0.00,0.00,0.00,53373.36,312234.18,0.00,0.00,221504.46
379.00,0.00,0.00,0.00,53373.36,312234.18,0.00,0.00,221504.46
380.00,0.00,0.00,0.00,53373.36,312234.18,0.00,0.00,221504.46
381.00,0.00,0.00,0.00,53373.36,312234.18,0.00,0.00,221504.46
382.00,0.00,0.00,0.00,53373.36,312234.18,0.00,0.00,221504.46
383.00,0.00,0.00,0.00,53373.36,312234.18,0.00,0.00,221504.46
384.00,0.00,0.00,0.00,53373.36,312234.18,0.00,0.00,221504.46
385.00,0.00,0.00,0.00,53373.36,312234.18,0.00,0.00,221504.46
386.00,0.00,0.00,0.00,53373.36,312234.18,0.00,0.00,221504.46
387.00,0.00,0.00,0.00,53373.36,312234.18,0.00,0.00,221504.46
388.00,0.00,0.00,0.00,53373.36,312234.18,0.00,0.00,221504.46
389.00,0.00,0.00,0.00,53373.36,312234.18,0.00,0.00,221504.46
390.00,0.00,0.00,0.00,53373.36,312234.18,0.00,0.00,221504.46
391.00,0.00,0.00,0.00,53373.36,312234.18,0.00,0.00,221504.46
392.00,0.00,0.00,0.00,53373.36,312234.18,0.00,0.00,221504.46
393.00,0.00,0.00,0.00,53373.36,312234.18,0.00,0.00,221504.46
394.00,0.00,0.00,0.00,53373.36,312234.18,0.00,0.00,221504.46
395.00,0.00,0.00,0.00,53373.36,312234.18,0.00,0.00,221504.46
396.00,0.00,0.00,0.00,53373.36,312234.18,0.00,0.00,221504.46
397.00,0.00,0.00,0.00,53373.36,312234.18,0.00,0.00,221504.46
398.00,0.00,0.00,0.00,53373.36,312234.18,0.00,0.00,221504.46
399.00,0.00,0.00,0.00,53373.36,312234.18,0.00,0.00,221504.46
400.00,0.00,0.00,0.00,53373.36,312234.18,0.00,0.00,221504.46
401.00,0.00,0.00,0.00,53373.36,312234.18,0.00,0.00,221504.46
402.00,0.00,0.00,0.00,53373.36,312234.18,0.00,0.00,221504.46
403.00,0.00,0.00,0.00,53373.36,312234.18,0.00,0.00,221504.46
404.00,0.00,0.00,0.00,53373.36,312234.18,0.00,0.00,221504.46
405.00,0.00,0.00,0.00,53373.36,312234.18,0.00,0.00,221504.46
406.00,0.00,0.00,0.00,53373.36,312234.18,0.00,0.00,221504.46
407.00,0.00,0.00,0.00,53373.36,312234.18,0.00,0.00,221504.46
408.00,0.00,0.00,0.00,53373.36,312234.18,0.00,0.00,221504.46
409.00,0.00,0.00,0.00,53373.36,312234.18,0.00,0.00,221504.46
410.00,0.00,0.00,0.00,53373.36,312234.18,0.00,0.00,221504.46
411.00,0.00,0.00,0.00,53373.36,312234.18,0.00,0.00,221504.46
412.00,0.00,0.00,0.00,53373.36,312234.18,0.00,0.00,221504.46
413.00,0.00,0.00,0.00,53373.36,312234.18,0.00,0.00,221504.46
414.00,0.00,0.00,0.00,53373.36,312234.18,0.00,0.00,221504.46
415.00,0.00,0.00,0.00,53373.36,312234.18,0.00,0.00,221504.46
416.00,0.00,0.00,0.00,53373.36,312234.18,0.00,0.00,221504.46
417.00,0.00,0.00,0.00,53373.36,312234.18,0.00,0.00,221504.46
418.00,0.00,0.00,0.00,53373.36,312234.18,0.00,0.00,221504.46
419.00,0.00,0.00,0.00,53373.36,312234.18,0.00,0.00,221504.46
420.00,0.00,0.00,0.00,53373.36,312234.18,0.00,0.00,221504.46
421.00,0.00,0.00,0.00,53373.36,312234.18,0.00,0.00,221504.46
422.00,0.00,0.00,0.00,53373.36,312234.18,0.00,0.00,221504.46
423.00,0.00,0.00,0.00,53373.36,312234.18,0.00,0.00,221504.46
424.00,0.00,0.00,0.00,53373.36,312234.18,0.00,0.00,221504.46
425.00,0.00,0.00,0.00,53373.36,312234.18,0.00,0.00,221504.46
426.00,0.00,0.00,0.00,53373.36,312234.18,0.00,0.00,221504.46
427.00,0.00,0.00,0.00,53373.36,312234.18,0.00,0.00,221504.46
428.00,0.00,0.00,0.00,53373.36,312234.18,0.00,0.00,221504.46
429.00,0.00,0.00,0.00,53373.36,312234.18,0.00,0.00,221504.46
430.00,0.00,0.00,0.00,53373.36,312234.18,0.00,0.00,221504.46
431.00,0.00,0.00,0.00,53373.36,312234.18,0.00,0.00,221504.46
432.00,0.00,0.00,0.00,53373.36,312234.18,0.00,0.00,221504.46
433.00,0.00,0.00,0.00,53373.36,312234.18,0.00,0.00,221504.46
434.00,0.00,0.00,0.00,53373.36,312234.18,0.00,0.00,221504.46
435.00,0.00,0.00,0.00,53373.36,312234.18,0.00,0.00,221504.46
436.00,0.00,0.00,0.00,53373.36,312234.18,0.00,0.00,221504.46
437.00,0.00,0.00,0.00,53373.36,312234.18,0.00,0.00,221504.46
438.00,0.00,0.00,0.00,53373.36,312234.18,0.00,0.00,221504.46
439.00,0.00,0.00,0.00,53373.36,312234.18,0.00,0.00,221504.46
440.00,0.00,0.00,0.00,53373.36,312234.18,0.00,0.00,221504.46
441.00,0.00,0.00,0.00,53373.36,312234.18,0.00,0.00,221504.46
442.00,0.00,0.00,0.00,53373.36,312234.18,0.00,0.00,221504.46
443.00,0.00,0.00,0.00,53373.36,312234.18,0.00,0.00,221504.46
444.00,0.00,0.00,0.00,53373.36,312234.18,0.00,0.00,221504.46
445.00,0.00,0.00,0.00,53373.36,312234.18,0.00,0.00,221504.46
446.00,0.00,0.00,0.00,53373.36,312234.18,0.00,0.00,221504.46
447.00,0.00,0.00,0.00,53373.36,312234.18,0.00,0.00,221504.46
448.00,0.00,0.00,0.00,53373.36,312234.18,0.00,0.00,221504.46
449.00,0.00,0.00,0.00,53373.36,312234.18,0.00,0.00,221504.46
450.00,0.00,0.00,0.00,53373.36,312234.18,0.00,0.00,221504.46
451.00,0.00,0.00,0.00,53373.36,312234.18,0.00,0.00,221504.46
452.00,0.00,0.00,0.00,53373.36,312234.18,0.00,0.00,221504.46
453.00,0.00,0.00,0.00,53373.36,312234.18,0.00,0.00,221504.46
454.00,0.00,0.00,0.00,53373.36,312234.18,0.00,0.00,221504.46
455.00,0.00,0.00,0.00,53373.36,312234.18,0.00,0.00,221504.46
456.00,0.00,0.00,0.00,53373.36,312234.18,0.00,0.00,221504.46
457.00,0.00,0.00,0.00,53373.36,312234.18,0.00,0.00,221504.46
458.00,0.00,0.00,0.00,53373.36,312234.18,0.00,0.00,221504.46
459.00,0.00,0.00,0.00,53373.36,312234.18,0.00,0.00,221504.46
460.00,0.00,0.00,0.00,53373.36,312234.18,0.00,0.00,221504.46
461.00,0.00,0.00,0.00,53373.36,312234.18,0.00,0.00,221504.46
462.00,0.00,0.00,0.00,53373.36,312234.18,0.00,0.00,221504.46
463.00,0.00,0.00,0.00,53373.36,312234.18,0.00,0.00,221504.46
464.00,0.00,0.00,0.00,53373.36,312234.18,0.00,0.00,221504.46
465.00,0.00,0.00,0.00,53373.36,312234.18,0.00,0.00,221504.46
466.00,0.00,0.00,0.00,53373.36,312234.18,0.00,0.00,221504.46
467.00,0.00,0.00,0.00,53373.36,312234.18,0.00,0.00,221504.46
468.00,0.00,0.00,0.00,53373.36,312234.18,0.00,0.00,221504.46
469.00,0.00,0.00,0.00,53373.36,312234.18,0.00,0.00,221504.46
470.00,0.00,0.00,0.00,53373.36,312234.18,0.00,0.00,221504.46
471.00,0.00,0.00,0.00,53373.36,312234.18,0.00,0.00,221504.46
472.00,0.00,0.00,0.00,53373.36,312234.18,0.00,0.00,221504.46
473.00,0.00,0.00,0.00,53373.36,312234.18,0.00,0.00,221504.46
474.00,0.00,0.00,0.00,53373.36,312234.18,0.00,0.00,221504.46
475.00,0.00,0.00,0.00,53373.36,312234.18,0.00,0.00,221504.46
476.00,0.00,0.00,0.00,53373.36,312234.18,0.00,0.00,221504.46
477.00,0.00,0.00,0.00,53373.36,312234.18,0.00,0.00,221504.46
478.00,0.00,0.00,0.00,53373.36,312234.18,0.00,0.00,221504.46
479.00,0.00,0.00,0.00,53373.36,312234.18,0.00,0.00,221504.46
480.00,0.00,0.00,0.00,53373.36,312234.18,0.00,0.00,221504.46
481.00,0.00,0.00,0.00,53373.36,312234.18,0.00,0.00,221504.46
482.00,0.00,0.00,0.00,53373.36,312234.18,0.00,0.00,221504.46
483.00,0.00,0.00,0.00,53373.36,312234.18,0.00,0.00,221504.46
484.00,0.00,0.00,0.00,53373.36,312234.18,0.00,0.00,221504.46
485.00,0.00,0.00,0.00,53373.36,312234.18,0.00,0.00,221504.46
486.00,0.00,0.00,0.00,53373.36,312234.18,0.00,0.00,221504.46
487.00,0.00,0.00,0.00,53373.36,312234.18,0.00,0.00,221504.46
488.00,0.00,0.00,0.00,53373.36,312234.18,0.00,0.00,221504.46
489.00,0.00,0.00,0.00,53373.36,312234.18,0.00,0.00,221504.46
490.00,0.00,0.00,0.00,53373.36,312234.18,0.00,0.00,221504.46
491.00,0.00,0.00,0.00,53373.36,312234.18,0.00,0.00,221504.46
492.00,0.00,0.00,0.00,53373.36,312234.18,0.00,0.00,221504.46
493.00,0.00,0.00,0.00,53373.36,312234.18,0.00,0.00,221504.46
494.00,0.00,0.00,0.00,53373.36,312234.18,0.00,0.00,221504.46
495.00,0.00,0.00,0.00,53373.36,312234.18,0.00,0.00,221504.46
496.00,0.00,0.00,0.00,53373.36,312234.18,0.00,0.00,221504.46
497.00,0.00,0.00,0.00,53373.36,312234.18,0.00,0.00,221504.46
498.00,0.00,0.00,0.00,53373.36,312234.18,0.00,0.00,221504.46
499.00,0.00,0.00,0.00,53373.36,312234.18,0.00,0.00,221504.46
500.00,0.00,0.00,0.00,53373.36,312234.18,0.00,0.00,221504.46
501.00,0.00,0.00,0.00,53373.36,312234.18,0.00,0.00,221504.46
502.00,0.00,0.00,0.00,53373.36,312234.18,0.00,0.00,221504.46
503.00,0.00,0.00,0.00,53373.36,312234.18,0.00,0.00,221504.46
504.00,0.00,0.00,0.00,53373.36,312234.18,0.00,0.00,221504.46
505.00,0.00,0.00,0.00,53373.36,312234.18,0.00,0.00,221504.46
506.00,0.00,0.00,0.00,53373.36,312234.18,0.00,0.00,221504.46
507.00,0.00,0.00,0.00,53373.36,312234.18,0.00,0.00,221504.46
508.00,0.00,0.00,0.00,53373.36,312234.18,0.00,0.00,221504.46
509.00,0.00,0.00,0.00,53373.36,312234.18,0.00,0.00,221504.46
510.00,0.00,0.00,0.00,53373.36,312234.18,0.00,0.00,221504.46
511.00,0.00,0.00,0.00,53373.36,312234.18,0.00,0.00,221504.46
512.00,0.00,0.00,0.00,53373.36,312234.18,0.00,0.00,221504.46
513.00,0.00,0.00,0.00,53373.36,312234.18,0.00,0.00,221504.46
514.00,0.00,0.00,0.00,53373.36,312234.18,0.00,0.00,221504.46
515.00,0.00,0.00,0.00,53373.36,312234.18,0.00,0.00,221504.46
516.00,0.00,0.00,0.00,53373.36,312234.18,0.00,0.00,221504.46
517.00,0.00,0.00,0.00,53373.36,312234.18,0.00,0.00,221504.46
518.00,0.00,0.00,0.00,53373.36,312234.18,0.00,0.00,221504.46
519.00,0.00,0.00,0.00,53373.36,312234.18,0.00,0.00,221504.46
520.00,0.00,0.00,0.00,53373.36,312234.18,0.00,0.00,221504.46
521.00,0.00,0.00,0.00,53373.36,312234.18,0.00,0.00,221504.46
522.00,0.00,0.00,0.00,53373.36,312234.18,0.00,0.00,221504.46
523.00,0.00,0.00,0.00,53373.36,312234.18,0.00,0.00,221504.46
524.00,0.00,0.00,0.00,53373.36,312234.18,0.00,0.00,221504.46
525.00,0.00,0.00,0.00,53373.36,312234.18,0.00,0.00,221504.46
526.00,0.00,0.00,0.00,53373.36,312234.18,0.00,0.00,221504.46
527.00,0.00,0.00,0.00,53373.36,312234.18,0.00,0.00,221504.46
528.00,0.00,0.00,0.00,53373.36,312234.18,0.00,0.00,221504.46
529.00,0.00,0.00,0.00,53373.36,312234.18,0.00,0.00,221504.46
530.00,0.00,0.00,0.00,53373.36,312234.18,0.00,0.00,221504.46
531.00,0.00,0.00,0.00,53373.36,312234.18,0.00,0.00,221504.46
532.00,0.00,0.00,0.00,53373.36,312234.18,0.00,0.00,221504.46
533.00,0.00,0.00,0.00,53373.36,312234.18,0.00,0.00,221504.46
534.00,0.00,0.00,0.00,53373.36,312234.18,0.00,0.00,221504.46
535.00,0.00,0.00,0.00,53373.36,312234.18,0.00,0.00,221504.46
536.00,0.00,0.00,0.00,53373.36,312234.18,0.00,0.00,221504.46
537.00,0.00,0.00,0.00,53373.36,312234.18,0.00,0.00,221504.46
538.00,0.00,0.00,0.00,53373.36,312234.18,0.00,0.00,221504.46
539.00,0.00,0.00,0.00,53373.36,312234.18,0.00,0.00,221504.46
540.00,0.00,0.00,0.00,53373.36,312234.18,0.00,0.00,221504.46
541.00,0.00,0.00,0.00,53373.36,312234.18,0.00,0.00,221504.46
542.00,0.00,0.00,0.00,53373.36,312234.18,0.00,0.00,221504.46
543.00,0.00,0.00,0.00,53373.36,312234.18,0.00,0.00,221504.46
544.00,0.00,0.00,0.00,53373.36,312234.18,0.00,0.00,221504.46
545.00,0.00,0.00,0.00,53373.36,312234.18,0.00,0.00,221504.46
546.00,0.00,0.00,0.00,53373.36,312234.18,0.00,0.00,221504.46
547.00,0.00,0.00,0.00,53373.36,312234.18,0.00,0.00,221504.46
548.00,0.00,0.00,0.00,53373.36,312234.18,0.00,0.00,221504.46
549.00,0.00,0.00,0.00,53373.36,312234.18,0.00,0.00,221504.46
550.00,0.00,0.00,0.00,53373.36,312234.18,0.00,0.00,221504.46
551.00,0.00,0.00,0.00,53373.36,312234.18,0.00,0.00,221504.46
552.00,0.00,0.00,0.00,53373.36,312234.18,0.00,0.00,221504.46
553.00,0.00,0.00,0.00,53373.36,312234.18,0.00,0.00,221504.46
554.00,0.00,0.00,0.00,53373.36,312234.18,0.00,0.00,221504.46
555.00,0.00,0.00,0.00,53373.36,312234.18,0.00,0.00,221504.46
556.00,0.00,0.00,0.00,53373.36,312234.18,0.00,0.00,221504.46
557.00,0.00,0.00,0.00,53373.36,312234.18,0.00,0.00,221504.46
558.00,0.00,0.00,0.00,53373.36,312234.18,0.00,0.00,221504.46
559.00,0.00,0.00,0.00,53373.36,312234.18,0.00,0.00,221504.46
560.00,0.00,0.00,0.00,53373.36,312234.18,0.00,0.00,221504.46
561.00,0.00,0.00,0.00,53373.36,312234.18,0.00,0.00,221504.46
562.00,0.00,0.00,0.00,53373.36,312234.18,0.00,0.00,221504.46
563.00,0.00,0.00,0.00,53373.36,312234.18,0.00,0.00,221504.46
564.00,0.00,0.00,0.00,53373.36,312234.18,0.00,0.00,221504.46
565.00,0.00,0.00,0.00,53373.36,312234.18,0.00,0.00,221504.46
566.00,0.00,0.00,0.00,53373.36,312234.18,0.00,0.00,221504.46
567.00,0.00,0.00,0.00,53373.36,312234.18,0.00,0.00,221504.46
568.00,0.00,0.00,0.00,53373.36,312234.18,0.00,0.00,221504.46
569.00,0.00,0.00,0.00,53373.36,312234.18,0.00,0.00,221504.46
570.00,0.00,0.00,0.00,53373.36,312234.18,0.00,0.00,221504.46
571.00,0.00,0.00,0.00,53373.36,312234.18,0.00,0.00,221504.46
572.00,0.00,0.00,0.00,53373.36,312234.18,0.00,0.00,221504.46
573.00,0.00,0.00,0.00,53373.36,312234.18,0.00,0.00,221504.46
574.00,0.00,0.00,0.00,53373.36,312234.18,0.00,0.00,221504.46
575.00,0.00,0.00,0.00,53373.36,312234.18,0.00,0.00,221504.46
576.00,0.00,0.00,0.00,53373.36,312234.18,0.00,0.00,221504.46
577.00,0.00,0.00,0.00,53373.36,312234.18,0.00,0.00,221504.46
578.00,0.00,0.00,0.00,53373.36,312234.18,0.00,0.00,221504.46
579.00,0.00,0.00,0.00,53373.36,312234.18,0.00,0.00,221504.46
580.00,0.00,0.00,0.00,53373.36,312234.18,0.00,0.00,221504.46
581.00,0.00,0.00,0.00,53373.36,312234.18,0.00,0.00,221504.46
582.00,0.00,0.00,0.00,53373.36,312234.18,0.00,0.00,221504.46
583.00,0.00,0.00,0.00,53373.36,312234.18,0.00,0.00,221504.46
584.00,0.00,0.00,0.00,53373.36,312234.18,0.00,0.00,221504.46
585.00,0.00,0.00,0.00,53373.36,312234.18,0.00,0.00,221504.46
586.00,0.00,0.00,0.00,53373.36,312234.18,0.00,0.00,221504.46
587.00,0.00,0.00,0.00,53373.36,312234.18,0.00,0.00,221504.46
588.00,0.00,0.00,0.00,53373.36,312234.18,0.00,0.00,221504.46
589.00,0.00,0.00,0.00,53373.36,312234.18,0.00,0.00,221504.46
590.00,0.00,0.00,0.00,53373.36,312234.18,0.00,0.00,221504.46
591.00,0.00,0.00,0.00,53373.36,312234.18,0.00,0.00,221504.46
592.00,0.00,0.00,0.00,53373.36,312234.18,0.00,0.00,221504.46
593.00,0.00,0.00,0.00,53373.36,312234.18,0.00,0.00,221504.46
594.00,0.00,0.00,0.00,53373.36,312234.18,0.00,0.00,221504.46
595.00,0.00,0.00,0.00,53373.36,312234.18,0.00,0.00,221504.46
596.00,0.00,0.00,0.00,53373.36,312234.18,0.00,0.00,221504.46
597.00,0.00,0.00,0.00,53373.36,312234.18,0.00,0.00,221504.46
598.00,0.00,0.00,0.00,53373.36,312234.18,0.00,0.00,221504.46
599.00,0.00,0.00,0.00,53373.36,312234.18,0.00,0.00,221504.46
600.00,0.00,0.00,0.00,53373.36,312234.18,0.00,0.00,221504.46
601.00,0.00,0.00,0.00,53373.36,312234.18,0.00,0.00,221504.46
602.00,0.00,0.00,0.00,53373.36,312234.18,0.00,0.00,221504.46
603.00,0.00,0.00,0.00,53373.36,312234.18,0.00,0.00,221504.46
604.00,0.00,0.00,0.00,53373.36,312234.18,0.00,0.00,221504.46
605.00,0.00,0.00,0.00,53373.36,312234.18,0.00,0.00,221504.46
606.00,0.00,0.00,0.00,53373.36,312234.18,0.00,0.00,221504.46
607.00,0.00,0.00,0.00,53373.36,312234.18,0.00,0.00,221504.46
608.00,0.00,0.00,0.00,53373.36,312234.18,0.00,0.00,221504.46
609.00,0.00,0.00,0.00,53373.36,312234.18,0.00,0.00,221504.46
610.00,0.00,0.00,0.00,53373.36,312234.18,0.00,0.00,221504.46
611.00,0.00,0.00,0.00,53373.36,312234.18,0.00,0.00,221504.46
612.00,0.00,0.00,0.00,53373.36,312234.18,0.00,0.00,221504.46
613.00,0.00,0.00,0.00,53373.36,312234.18,0.00,0.00,221504.46
614.00,0.00,0.00,0.00,53373.36,312234.18,0.00,0.00,221504.46
615.00,0.00,0.00,0.00,53373.36,312234.18,0.00,0.00,221504.46
616.00,0.00,0.00,0.00,53373.36,312234.18,0.00,0.00,221504.46
617.00,0.00,0.00,0.00,53373.36,312234.18,0.00,0.00,221504.46
618.00,0.00,0.00,0.00,53373.36,312234.18,0.00,0.00,221504.46
619.00,0.00,0.00,0.00,53373.36,312234.18,0.00,0.00,221504.46
620.00,0.00,0.00,0.00,53373.36,312234.18,0.00,0.00,221504.46
621.00,0.00,0.00,0.00,53373.36,312234.18,0.00,0.00,221504.46
622.00,0.00,0.00,0.00,53373.36,312234.18,0.00,0.00,221504.46
623.00,0.00,0.00,0.00,53373.36,312234.18,0.00,0.00,221504.46
624.00,0.00,0.00,0.00,53373.36,312234.18,0.00,0.00,221504.46
625.00,0.00,0.00,0.00,53373.36,312234.18,0.00,0.00,221504.46
626.00,0.00,0.00,0.00,53373.36,312234.18,0.00,0.00,221504.46
627.00,0.00,0.00,0.00,53373.36,312234.18,0.00,0.00,221504.46
628.00,0.00,0.00,0.00,53373.36,312234.18,0.00,0.00,221504.46
629.00,0.00,0.00,0.00,53373.36,312234.18,0.00,0.00,221504.46
630.00,0.00,0.00,0.00,53373.36,312234.18,0.00,0.00,221504.46
631.00,0.00,0.00,0.00,53373.36,312234.18,0.00,0.00,221504.46
632.00,0.00,0.00,0.00,53373.36,312234.18,0.00,0.00,221504.46
633.00,0.00,0.00,0.00,53373.36,312234.18,0.00,0.00,221504.46
634.00,0.00,0.00,0.00,53373.36,312234.18,0.00,0.00,221504.46
635.00,0.00,0.00,0.00,53373.36,312234.18,0.00,0.00,221504.46
636.00,0.00,0.00,0.00,53373.36,312234.18,0.00,0.00,221504.46
637.00,0.00,0.00,0.00,53373.36,312234.18,0.00,0.00,221504.46
638.00,0.00,0.00,0.00,53373.36,312234.18,0.00,0.00,221504.46
639.00,0.00,0.00,0.00,53373.36,312234.18,0.00,0.00,221504.46
640.00,0.00,0.00,0.00,53373.36,312234.18,0.00,0.00,221504.46
641.00,0.00,0.00,0.00,53373.36,312234.18,0.00,0.00,221504.46
642.00,0.00,0.00,0.00,53373.36,312234.18,0.00,0.00,221504.46
643.00,0.00,0.00,0.00,53373.36,312234.18,0.00,0.00,221504.46
644.00,0.00,0.00,0.00,53373.36,312234.18,0.00,0.00,221504.46
645.00,0.00,0.00,0.00,53373.36,312234.18,0.00,0.00,221504.46
646.00,0.00,0.00,0.00,53373.36,312234.18,0.00,0.00,221504.46
647.00,0.00,0.00,0.00,53373.36,312234.18,0.00,0.00,221504.46
648.00,0.00,0.00,0.00,53373.36,312234.18,0.00,0.00,221504.46
649.00,0.00,0.00,0.00,53373.36,312234.18,0.00,0.00,221504.46
650.00,0.00,0.00,0.00,53373.36,312234.18,0.00,0.00,221504.46
651.00,0.00,0.00,0.00,53373.36,312234.18,0.00,0.00,221504.46
652.00,0.00,0.00,0.00,53373.36,312234.18,0.00,0.00,221504.46
653.00,0.00,0.00,0.00,53373.36,312234.18,0.00,0.00,221504.46
654.00,0.00,0.00,0.00,53373.36,312234.18,0.00,0.00,221504.46
655.00,0.00,0.00,0.00,53373.36,312234.18,0.00,0.00,221504.46
656.00,0.00,0.00,0.00,53373.36,312234.18,0.00,0.00,221504.46
657.00,0.00,0.00,0.00,53373.36,312234.18,0.00,0.00,221504.46
658.00,0.00,0.00,0.00,53373.36,312234.18,0.00,0.00,221504.46
659.00,0.00,0.00,0.00,53373.36,312234.18,0.00,0.00,221504.46
660.00,0.00,0.00,0.00,53373.36,312234.18,0.00,0.00,221504.46
661.00,0.00,0.00,0.00,53373.36,312234.18,0.00,0.00,221504.46
662.00,0.00,0.00,0.00,53373.36,312234.18,0.00,0.00,221504.46
663.00,0.00,0.00,0.00,53373.36,312234.18,0.00,0.00,221504.46
664.00,0.00,0.00,0.00,53373.36,312234.18,0.00,0.00,221504.46
665.00,0.00,0.00,0.00,53373.36,312234.18,0.00,0.00,221504.46
666.00,0.00,0.00,0.00,53373.36,312234.18,0.00,0.00,221504.46
667.00,0.00,0.00,0.00,53373.36,312234.18,0.00,0.00,221504.46
668.00,0.00,0.00,0.00,53373.36,312234.18,0.00,0.00,221504.46
669.00,0.00,0.00,0.00,53373.36,312234.18,0.00,0.00,221504.46
670.00,0.00,0.00,0.00,53373.36,312234.18,0.00,0.00,221504.46
671.00,0.00,0.00,0.00,53373.36,312234.18,0.00,0.00,221504.46
672.00,0.00,0.00,0.00,53373.36,312234.18,0.00,0.00,221504.46
673.00,0.00,0.00,0.00,53373.36,312234.18,0.00,0.00,221504.46
674.00,0.00,0.00,0.00,53373.36,312234.18,0.00,0.00,221504.46
675.00,0.00,0.00,0.00,53373.36,312234.18,0.00,0.00,221504.46
676.00,0.00,0.00,0.00,53373.36,312234.18,0.00,0.00,221504.46
677.00,0.00,0.00,0.00,53373.36,312234.18,0.00,0.00,221504.46
678.00,0.00,0.00,0.00,53373.36,312234.18,0.00,0.00,221504.46
679.00,0.00,0.00,0.00,53373.36,312234.18,0.00,0.00,221504.46
680.00,0.00,0.00,0.00,53373.36,312234.18,0.00,0.00,221504.46
681.00,0.00,0.00,0.00,53373.36,312234.18,0.00,0.00,221504.46
682.00,0.00,0.00,0.00,53373.36,312234.18,0.00,0.00,221504.46
683.00,0.00,0.00,0.00,53373.36,312234.18,0.00,0.00,221504.46
684.00,0.00,0.00,0.00,53373.36,312234.18,0.00,0.00,221504.46
685.00,0.00,0.00,0.00,53373.36,312234.18,0.00,0.00,221504.46
686.00,0.00,0.00,0.00,53373.36,312234.18,0.00,0.00,221504.46
687.00,0.00,0.00,0.00,53373.36,312234.18,0.00,0.00,221504.46
688.00,0.00,0.00,0.00,53373.36,312234.18,0.00,0.00,221504.46
689.00,0.00,0.00,0.00,53373.36,312234.18,0.00,0.00,221504.46
690.00,0.00,0.00,0.00,53373.36,312234.18,0.00,0.00,221504.46
691.00,0.00,0.00,0.00,53373.36,312234.18,0.00,0.00,221504.46
692.00,0.00,0.00,0.00,53373.36,312234.18,0.00,0.00,221504.46
693.00,0.00,0.00,0.00,53373.36,312234.18,0.00,0.00,221504.46
694.00,0.00,0.00,0.00,53373.36,312234.18,0.00,0.00,221504.46
695.00,0.00,0.00,0.00,53373.36,312234.18,0.00,0.00,221504.46
696.00,0.00,0.00,0.00,53373.36,312234.18,0.00,0.00,221504.46
697.00,0.00,0.00,0.00,53373.36,312234.18,0.00,0.00,221504.46
698.00,0.00,0.00,0.00,53373.36,312234.18,0.00,0.00,221504.46
699.00,0.00,0.00,0.00,53373.36,312234.18,0.00,0.00,221504.46
700.00,0.00,0.00,0.00,53373.36,312234.18,0.00,0.00,221504.46
