0.00,499499.00,0.00,0.00,0.00,0.00,5.00,0.00,0.00
1.00,499497.35,0.30,1.35,0.00,0.00,3.08,0.00,1.92
2.00,499496.33,0.43,1.92,0.03,0.25,1.92,0.01,3.11
3.00,499495.61,0.48,2.15,0.07,0.58,1.22,0.03,3.87
4.00,499494.98,0.50,2.25,0.11,0.93,0.80,0.04,4.40
5.00,499494.36,0.52,2.32,0.15,1.27,0.54,0.04,4.80
6.00,499493.70,0.54,2.41,0.19,1.59,0.38,0.05,5.14
7.00,499492.97,0.57,2.55,0.22,1.91,0.29,0.05,5.44
8.00,499492.16,0.61,2.72,0.26,2.23,0.23,0.06,5.74
9.00,499491.24,0.66,2.95,0.30,2.56,0.20,0.06,6.04
10.00,499490.21,0.72,3.22,0.34,2.90,0.19,0.07,6.36
11.00,499489.06,0.79,3.55,0.38,3.26,0.18,0.07,6.70
12.00,499487.77,0.87,3.92,0.43,3.66,0.19,0.08,7.08
13.00,499486.33,0.96,4.34,0.48,4.10,0.20,0.09,7.50
14.00,499484.73,1.07,4.82,0.53,4.57,0.22,0.09,7.96
15.00,499482.94,1.19,5.35,0.60,5.10,0.24,0.10,8.47
16.00,499480.95,1.32,5.96,0.67,5.69,0.26,0.12,9.04
17.00,499478.73,1.47,6.63,0.74,6.34,0.29,0.13,9.68
18.00,499476.26,1.64,7.38,0.83,7.06,0.32,0.14,10.38
19.00,499473.50,1.82,8.21,0.92,7.87,0.35,0.16,11.16
20.00,499470.43,2.03,9.14,1.02,8.76,0.39,0.18,12.04
21.00,499467.02,2.26,10.18,1.14,9.76,0.44,0.20,13.01
22.00,499463.21,2.52,11.34,1.27,10.87,0.49,0.22,14.09
23.00,499458.97,2.81,12.62,1.42,12.10,0.54,0.24,15.30
24.00,499454.26,3.12,14.06,1.58,13.48,0.60,0.27,16.64
25.00,499449.00,3.48,15.65,1.76,15.01,0.67,0.30,18.13
26.00,499443.15,3.87,17.43,1.95,16.71,0.75,0.34,19.80
27.00,499436.63,4.31,19.41,2.18,18.61,0.83,0.37,21.65
28.00,499429.37,4.80,21.62,2.42,20.73,0.93,0.42,23.71
29.00,499421.29,5.35,24.07,2.70,23.08,1.03,0.46,26.01
30.00,499412.29,5.96,26.81,3.01,25.70,1.15,0.52,28.57
31.00,499402.27,6.63,29.85,3.35,28.62,1.28,0.58,31.42
32.00,499391.11,7.39,33.24,3.73,31.88,1.43,0.64,34.59
33.00,499378.68,8.23,37.02,4.15,35.50,1.59,0.71,38.13
34.00,499364.84,9.16,41.22,4.62,39.53,1.77,0.80,42.06
35.00,499349.43,10.20,45.91,5.15,44.02,1.97,0.89,46.44
36.00,499332.26,11.36,51.12,5.73,49.02,2.19,0.99,51.32
37.00,499313.15,12.65,56.93,6.38,54.59,2.44,1.10,56.76
38.00,499291.87,14.09,63.39,7.11,60.79,2.72,1.22,62.81
39.00,499268.17,15.69,70.59,7.92,67.69,3.03,1.36,69.55
40.00,499241.79,17.47,78.60,8.82,75.38,3.37,1.52,77.05
41.00,499212.40,19.45,87.53,9.82,83.94,3.75,1.69,85.41
42.00,499179.68,21.66,97.47,10.93,93.48,4.18,1.88,94.72
43.00,499143.25,24.12,108.53,12.17,104.09,4.66,2.09,105.08
44.00,499102.68,26.86,120.85,13.56,115.91,5.18,2.33,116.62
45.00,499057.51,29.90,134.57,15.10,129.08,5.77,2.60,129.47
46.00,499007.22,33.30,149.84,16.81,143.73,6.43,2.89,143.78
47.00,498951.22,37.08,166.84,18.72,160.05,7.16,3.22,159.71
48.00,498888.87,41.28,185.77,20.84,178.22,7.97,3.59,177.46
49.00,498819.45,45.96,206.84,23.21,198.45,8.87,3.99,197.21
50.00,498742.17,51.18,230.30,25.84,220.97,9.88,4.45,219.21
51.00,498656.12,56.98,256.41,28.78,246.05,11.00,4.95,243.71
52.00,498560.33,63.44,285.48,32.04,273.97,12.25,5.51,270.99
53.00,498453.69,70.63,317.83,35.68,305.05,13.64,6.14,301.36
54.00,498334.97,78.63,353.84,39.72,339.65,15.18,6.83,335.17
55.00,498202.82,87.54,393.91,44.23,378.16,16.90,7.61,372.82
56.00,498055.73,97.45,438.51,49.24,421.04,18.82,8.47,414.74
57.00,497892.01,108.48,488.14,54.83,468.76,20.95,9.43,461.41
58.00,497709.79,120.75,543.35,61.04,521.88,23.32,10.50,513.37
59.00,497506.99,134.40,604.79,67.95,581.01,25.96,11.68,571.22
60.00,497281.32,149.58,673.12,75.65,646.80,28.90,13.00,635.62
61.00,497030.20,166.47,749.13,84.21,720.02,32.17,14.48,707.31
62.00,496750.80,185.26,833.67,93.74,801.50,35.80,16.11,787.11
63.00,496439.96,206.15,927.67,104.34,892.15,39.85,17.93,875.95
64.00,496094.19,229.37,1032.18,116.14,993.00,44.34,19.95,974.82
65.00,495709.60,255.19,1148.35,129.26,1105.19,49.34,22.20,1084.87
66.00,495281.89,283.88,1277.45,143.86,1229.97,54.90,24.71,1207.34
67.00,494806.32,315.76,1420.90,160.09,1368.74,61.08,27.49,1343.64
68.00,494277.60,351.16,1580.24,178.13,1523.04,67.95,30.58,1495.31
69.00,493689.91,390.48,1757.18,198.20,1694.58,75.58,34.01,1664.06
70.00,493036.82,434.13,1953.61,220.50,1885.25,84.06,37.83,1851.81
71.00,492311.22,482.57,2171.58,245.28,2097.14,93.47,42.06,2060.67
72.00,491505.27,536.31,2413.38,272.81,2332.55,103.92,46.77,2292.98
73.00,490610.34,595.89,2681.49,303.40,2594.03,115.52,51.98,2551.35
74.00,489616.92,661.91,2978.62,337.35,2884.38,128.39,57.77,2838.66
75.00,488514.58,735.05,3307.72,375.05,3206.67,142.65,64.19,3158.08
76.00,487291.86,816.01,3672.03,416.88,3564.30,158.46,71.31,3513.16
77.00,485936.22,905.56,4075.03,463.27,3960.97,175.98,79.19,3907.77
78.00,484433.96,1004.55,4520.49,514.71,4400.76,195.37,87.92,4346.24
79.00,482770.13,1113.89,5012.48,571.71,4888.10,216.82,97.57,4833.31
80.00,480928.48,1234.52,5555.35,634.83,5427.83,240.53,108.24,5374.21
81.00,478891.38,1367.49,6153.72,704.71,6025.23,266.72,120.03,5974.71
82.00,476639.79,1513.89,6812.53,781.99,6685.99,295.63,133.03,6641.15
83.00,474153.19,1674.87,7536.92,867.40,7416.28,327.49,147.37,7380.48
84.00,471409.56,1851.62,8332.30,961.72,8222.73,362.58,163.16,8200.33
85.00,468385.42,2045.38,9204.23,1065.78,9112.46,401.17,180.52,9109.03
86.00,465055.85,2257.42,10158.38,1180.47,10093.04,443.54,199.59,10115.70
87.00,461394.56,2488.99,11200.45,1306.73,11172.51,490.01,220.50,11230.25
88.00,457374.02,2741.34,12336.04,1445.54,12359.32,540.87,243.39,12463.47
89.00,452965.68,3015.68,13570.56,1597.93,13662.31,596.43,268.40,13827.02
90.00,448140.18,3313.10,14908.97,1764.98,15090.60,657.01,295.65,15333.51
91.00,442867.77,3634.59,16355.65,1947.78,16653.54,722.88,325.30,16996.50
92.00,437118.66,3980.92,17914.15,2147.43,18360.55,794.33,357.45,18830.51
93.00,430863.65,4352.63,19586.85,2365.03,20220.97,871.60,392.22,20851.04
94.00,424074.74,4749.94,21374.71,2601.62,22243.88,954.89,429.70,23074.51
95.00,416725.93,5172.63,23276.86,2858.22,24437.81,1044.35,469.96,25518.24
96.00,408794.09,5620.05,25290.22,3135.73,26810.48,1140.05,513.02,28200.36
97.00,400260.01,6090.92,27409.15,3434.91,29368.47,1241.96,558.88,31139.71
98.00,391109.48,6583.32,29624.95,3756.35,32116.79,1349.95,607.48,34355.67
99.00,381334.50,7094.57,31925.56,4100.41,35058.52,1463.75,658.69,37868.00
100.00,370934.45,7621.15,34295.16,4467.17,38194.27,1582.94,712.32,41696.55
101.00,359917.37,8158.65,36713.91,4856.34,41521.71,1706.92,768.11,45860.99
102.00,348301.02,8701.74,39157.83,5267.26,45035.08,1834.90,825.70,50380.47
103.00,336113.88,9244.17,41598.78,5698.79,48724.68,1965.87,884.64,55273.18
104.00,323395.88,9778.81,44004.65,6149.29,52576.40,2098.63,944.38,60555.96
105.00,310198.80,10297.74,46339.83,6616.53,56571.37,2231.74,1004.28,66243.71
106.00,296586.25,10792.41,48565.87,7097.74,60685.66,2363.54,1063.59,72348.94
107.00,282633.16,11253.87,50642.44,7589.49,64890.14,2492.22,1121.50,78881.18
108.00,268424.77,11673.01,52528.55,8087.79,69150.58,2615.78,1177.10,85846.42
109.00,254055.00,12040.89,54184.00,8588.05,73427.86,2732.11,1229.45,93246.63
110.00,239624.29,12349.10,55570.94,9085.21,77678.57,2839.08,1277.59,101079.23
111.00,225237.09,12590.12,56655.56,9573.76,81855.67,2934.54,1320.54,109336.70
112.00,210998.85,12757.72,57409.74,10047.91,85909.62,3016.46,1357.41,118006.30
113.00,197012.90,12847.21,57812.45,10501.70,89789.50,3082.99,1387.34,127069.91
114.00,183377.39,12855.78,57851.00,10929.18,93444.51,3132.53,1409.64,136503.97
115.00,170182.31,12782.62,57521.78,11324.61,96825.40,3163.84,1423.73,146279.71
116.00,157507.01,12629.02,56830.60,11682.58,99886.08,3176.08,1429.24,156363.39
117.00,145418.20,12398.33,55792.48,11998.25,102585.05,3168.84,1425.98,166716.87
118.00,133968.60,12095.78,54431.01,12267.46,104886.75,3142.20,1413.99,177298.21
119.00,123196.37,11728.26,52777.15,12486.86,106762.67,3096.72,1393.52,188062.45
120.00,113125.15,11303.95,50867.79,12654.05,108192.13,3033.39,1365.03,198962.51
121.00,103764.78,10832.00,48744.01,12767.58,109162.82,2953.62,1329.13,209950.07
122.00,95112.52,10322.06,46449.28,12827.00,109670.83,2859.15,1286.62,220976.54
123.00,87154.66,9783.93,44027.70,12832.81,109720.54,2751.98,1238.39,231993.97
124.00,79868.38,9227.19,41522.34,12786.44,109324.02,2634.29,1185.43,242955.92
125.00,73223.61,8660.87,38973.90,12690.09,108500.29,2508.33,1128.75,253818.15
126.00,67185.01,8093.24,36419.59,12546.71,107274.35,2376.36,1069.36,264539.37
127.00,61713.68,7531.64,33892.37,12359.77,105676.06,2240.57,1008.26,275081.65
128.00,56768.72,6982.33,31420.48,12133.22,103739.00,2103.01,946.36,285410.88
129.00,52308.62,6450.50,29027.26,11871.27,101499.36,1965.54,884.49,295496.96
130.00,48292.27,5940.27,26731.20,11578.34,98994.77,1829.80,823.41,305313.95
131.00,44679.83,5454.71,24546.21,11258.87,96263.38,1697.21,763.75,314840.04
132.00,41433.35,4996.00,22482.00,10917.30,93342.90,1568.93,706.02,324057.50
133.00,38517.15,4565.45,20544.52,10557.89,90269.97,1445.88,650.65,332952.50
134.00,35898.08,4163.67,18736.53,10184.73,87079.45,1328.76,597.94,341514.84
135.00,33545.64,3790.68,17058.07,9801.64,83804.05,1218.05,548.12,349737.74
136.00,31432.00,3446.00,15507.02,9412.16,80473.96,1114.06,501.33,357617.47
137.00,29531.90,3128.78,14079.52,9019.49,77116.67,1016.92,457.61,365153.09
138.00,27822.58,2837.88,12770.46,8626.53,73756.84,926.64,416.99,372346.08
139.00,26283.59,2571.95,11573.78,8235.82,70416.30,843.11,379.40,379200.04
140.00,24896.61,2329.52,10482.85,7849.60,67114.10,766.14,344.76,385720.41
141.00,23645.33,2109.04,9490.69,7469.78,63866.61,695.46,312.96,391914.12
142.00,22515.20,1908.94,8590.21,7097.97,60687.67,630.77,283.85,397789.39
143.00,21493.30,1727.63,7774.35,6735.53,57588.76,571.72,257.27,403355.44
144.00,20568.15,1563.61,7036.23,6383.53,54579.17,517.95,233.08,408622.31
145.00,19729.55,1415.38,6369.23,6042.83,51666.23,469.08,211.09,413600.60
146.00,18968.48,1281.57,5767.07,5714.10,48855.52,424.76,191.14,418301.36
147.00,18276.92,1160.85,5223.84,5397.78,46151.00,384.62,173.08,422735.91
148.00,17647.74,1052.01,4734.04,5094.18,43555.28,348.31,156.74,426915.70
149.00,17074.65,953.90,4292.54,4803.48,41069.74,315.50,141.97,430852.22
150.00,16552.02,865.48,3894.66,4525.70,38694.75,285.87,128.64,434556.88
151.00,16074.86,785.80,3536.09,4260.79,36429.75,259.14,116.61,438040.96
152.00,15638.74,713.98,3212.90,4008.59,34273.48,235.03,105.76,441315.52
153.00,15239.69,649.23,2921.52,3768.89,32224.03,213.29,95.98,444391.37
154.00,14874.20,590.83,2658.74,3541.40,30279.00,193.68,87.16,447279.00
155.00,14539.09,538.14,2421.62,3325.80,28435.58,176.00,79.20,449988.59
156.00,14231.56,490.56,2207.54,3121.71,26690.63,160.05,72.02,452529.92
157.00,13949.08,447.58,2014.13,2928.75,25040.81,145.66,65.55,454912.44
158.00,13689.38,408.73,1839.28,2746.50,23482.56,132.67,59.70,457145.17
159.00,13450.43,373.57,1681.08,2574.53,22012.23,120.95,54.43,459236.79
160.00,13230.39,341.74,1537.83,2412.41,20626.10,110.35,49.66,461195.53
161.00,13027.62,312.89,1408.00,2259.70,19320.43,100.77,45.35,463029.26
162.00,12840.62,286.72,1290.22,2115.96,18091.47,92.10,41.44,464745.47
163.00,12668.07,262.95,1183.29,1980.76,16935.53,84.24,37.91,466351.25
164.00,12508.73,241.35,1086.10,1853.68,15848.98,77.13,34.71,467853.33
165.00,12361.51,221.71,997.68,1734.30,14828.25,70.67,31.80,469258.08
166.00,12225.41,203.82,917.17,1622.21,13869.88,64.81,29.16,470571.54
167.00,12099.53,187.51,843.79,1517.02,12970.53,59.48,26.77,471799.38
168.00,11983.03,172.63,776.84,1418.36,12126.95,54.63,24.58,472946.98
169.00,11875.17,159.04,715.70,1325.85,11336.03,50.22,22.60,474019.39
170.00,11775.26,146.62,659.81,1239.16,10594.78,46.20,20.79,475021.39
171.00,11682.68,135.26,608.67,1157.93,9900.34,42.53,19.14,475957.45
172.00,11596.85,124.85,561.84,1081.87,9249.97,39.18,17.63,476831.81
173.00,11517.26,115.31,518.91,1010.65,8641.08,36.11,16.25,477648.41
174.00,11443.42,106.56,479.54,944.00,8071.18,33.31,14.99,478410.99
175.00,11374.90,98.53,443.38,881.63,7537.93,30.75,13.84,479123.05
176.00,11311.29,91.15,410.16,823.29,7039.09,28.39,12.78,479787.85
177.00,11252.23,84.36,379.60,768.72,6572.56,26.24,11.81,480408.49
178.00,11197.37,78.11,351.49,717.70,6136.33,24.26,10.92,480987.83
179.00,11146.41,72.35,325.59,670.00,5728.51,22.44,10.10,481528.59
180.00,11099.05,67.05,301.72,625.42,5347.34,20.77,9.34,482033.30
181.00,11055.04,62.16,279.71,583.76,4991.13,19.23,8.65,482504.32
182.00,11014.12,57.65,259.40,544.83,4658.30,17.81,8.01,482943.88
183.00,10976.07,53.48,240.65,508.46,4347.36,16.50,7.43,483354.06
184.00,10940.68,49.63,223.32,474.49,4056.91,15.30,6.88,483736.78
185.00,10907.77,46.07,207.30,442.77,3785.64,14.19,6.38,484093.88
186.00,10877.15,42.78,192.49,413.14,3532.31,13.16,5.92,484427.06
187.00,10848.66,39.73,178.78,385.47,3295.76,12.21,5.49,484737.89
188.00,10822.15,36.91,166.09,359.64,3074.90,11.33,5.10,485027.87
189.00,10797.48,34.30,154.34,335.52,2868.72,10.52,4.74,485298.39
190.00,10774.51,31.88,143.45,313.01,2676.24,9.77,4.40,485550.74
191.00,10753.13,29.63,133.35,292.00,2496.58,9.08,4.09,485786.13
192.00,10733.23,27.55,123.99,272.39,2328.90,8.44,3.80,486005.70
193.00,10714.69,25.62,115.31,254.08,2172.41,7.84,3.53,486210.51
194.00,10697.44,23.83,107.26,237.00,2026.37,7.29,3.28,486401.53
195.00,10681.37,22.17,99.78,221.06,1890.09,6.78,3.05,486579.70
196.00,10666.40,20.63,92.84,206.19,1762.92,6.30,2.84,486745.88
197.00,10652.46,19.20,86.39,192.31,1644.28,5.86,2.64,486900.87
198.00,10639.47,17.87,80.40,179.37,1533.58,5.45,2.45,487045.41
199.00,10627.38,16.63,74.83,167.29,1430.30,5.07,2.28,487180.22
200.00,10616.11,15.48,69.66,156.02,1333.95,4.72,2.12,487305.94
201.00,10605.61,14.41,64.86,145.50,1244.06,4.39,1.98,487423.18
202.00,10595.83,13.42,60.39,135.70,1160.21,4.09,1.84,487532.52
203.00,10586.72,12.50,56.23,126.55,1082.00,3.81,1.71,487634.49
204.00,10578.23,11.64,52.36,118.02,1009.04,3.54,1.59,487729.58
205.00,10570.31,10.84,48.77,110.06,940.99,3.30,1.49,487818.25
206.00,10562.94,10.09,45.42,102.63,877.51,3.07,1.38,487900.94
207.00,10556.07,9.40,42.31,95.71,818.31,2.86,1.29,487978.05
208.00,10549.67,8.76,39.41,89.25,763.09,2.66,1.20,488049.96
209.00,10543.70,8.16,36.71,83.23,711.59,2.48,1.12,488117.01
210.00,10538.14,7.60,34.20,77.61,663.56,2.31,1.04,488179.53
211.00,10532.95,7.08,31.87,72.37,618.77,2.15,0.97,488237.83
212.00,10528.12,6.60,29.69,67.48,576.99,2.01,0.90,488292.20
213.00,10523.62,6.15,27.67,62.93,538.03,1.87,0.84,488342.89
214.00,10519.42,5.73,25.78,58.68,501.70,1.74,0.78,488390.16
215.00,10515.51,5.34,24.02,54.72,467.82,1.62,0.73,488434.24
216.00,10511.86,4.97,22.39,51.02,436.22,1.51,0.68,488475.34
217.00,10508.47,4.64,20.86,47.57,406.76,1.41,0.63,488513.66
218.00,10505.30,4.32,19.44,44.36,379.28,1.31,0.59,488549.40
219.00,10502.34,4.03,18.12,41.36,353.65,1.22,0.55,488582.72
220.00,10499.59,3.75,16.89,38.57,329.76,1.14,0.51,488613.79
221.00,10497.02,3.50,15.74,35.96,307.48,1.06,0.48,488642.75
222.00,10494.63,3.26,14.67,33.53,286.70,0.99,0.45,488669.77
223.00,10492.40,3.04,13.67,31.27,267.33,0.92,0.42,488694.95
224.00,10490.32,2.83,12.75,29.15,249.26,0.86,0.39,488718.44
225.00,10488.38,2.64,11.88,27.18,232.42,0.80,0.36,488740.33
226.00,10486.58,2.46,11.07,25.35,216.71,0.75,0.34,488760.75
227.00,10484.89,2.29,10.32,23.63,202.06,0.70,0.31,488779.78
228.00,10483.32,2.14,9.62,22.04,188.41,0.65,0.29,488797.53
229.00,10481.86,1.99,8.97,20.55,175.67,0.61,0.27,488814.08
230.00,10480.49,1.86,8.36,19.16,163.80,0.56,0.25,488829.52
231.00,10479.22,1.73,7.79,17.86,152.72,0.53,0.24,488843.90
232.00,10478.03,1.61,7.27,16.66,142.40,0.49,0.22,488857.32
233.00,10476.93,1.51,6.77,15.53,132.77,0.46,0.21,488869.83
234.00,10475.90,1.40,6.31,14.48,123.80,0.43,0.19,488881.49
235.00,10474.94,1.31,5.89,13.50,115.43,0.40,0.18,488892.36
236.00,10474.04,1.22,5.49,12.59,107.63,0.37,0.17,488902.50
237.00,10473.20,1.14,5.12,11.74,100.35,0.35,0.16,488911.96
238.00,10472.43,1.06,4.77,10.94,93.56,0.32,0.14,488920.77
239.00,10471.70,0.99,4.45,10.20,87.24,0.30,0.13,488928.99
240.00,10471.02,0.92,4.15,9.51,81.34,0.28,0.13,488936.65
241.00,10470.39,0.86,3.86,8.87,75.84,0.26,0.12,488943.80
242.00,10469.80,0.80,3.60,8.27,70.71,0.24,0.11,488950.46
243.00,10469.25,0.75,3.36,7.71,65.93,0.23,0.10,488956.67
244.00,10468.74,0.70,3.13,7.19,61.47,0.21,0.10,488962.46
245.00,10468.26,0.65,2.92,6.70,57.32,0.20,0.09,488967.86
246.00,10467.82,0.60,2.72,6.25,53.44,0.18,0.08,488972.89
247.00,10467.41,0.56,2.54,5.83,49.83,0.17,0.08,488977.59
248.00,10467.02,0.53,2.37,5.43,46.46,0.16,0.07,488981.97
249.00,10466.66,0.49,2.21,5.07,43.32,0.15,0.07,488986.05
250.00,10466.32,0.46,2.06,4.72,40.39,0.14,0.06,488989.85
251.00,10466.01,0.43,1.92,4.40,37.66,0.13,0.06,488993.40
252.00,10465.72,0.40,1.79,4.11,35.11,0.12,0.05,488996.71
253.00,10465.44,0.37,1.67,3.83,32.74,0.11,0.05,488999.79
254.00,10465.19,0.35,1.55,3.57,30.52,0.10,0.05,489002.66
255.00,10464.95,0.32,1.45,3.33,28.46,0.10,0.04,489005.35
256.00,10464.73,0.30,1.35,3.10,26.53,0.09,0.04,489007.85
257.00,10464.53,0.28,1.26,2.89,24.74,0.08,0.04,489010.18
258.00,10464.34,0.26,1.17,2.70,23.07,0.08,0.04,489012.35
259.00,10464.16,0.24,1.09,2.52,21.51,0.07,0.03,489014.38
260.00,10463.99,0.23,1.02,2.35,20.05,0.07,0.03,489016.26
261.00,10463.83,0.21,0.95,2.19,18.70,0.06,0.03,489018.03
262.00,10463.69,0.20,0.89,2.04,17.43,0.06,0.03,489019.67
263.00,10463.55,0.18,0.83,1.90,16.25,0.06,0.03,489021.20
264.00,10463.43,0.17,0.77,1.77,15.15,0.05,0.02,489022.63
265.00,10463.31,0.16,0.72,1.65,14.13,0.05,0.02,489023.96
266.00,10463.20,0.15,0.67,1.54,13.17,0.05,0.02,489025.20
267.00,10463.10,0.14,0.63,1.44,12.28,0.04,0.02,489026.36
268.00,10463.00,0.13,0.58,1.34,11.45,0.04,0.02,489027.43
269.00,10462.91,0.12,0.54,1.25,10.68,0.04,0.02,489028.44
270.00,10462.83,0.11,0.51,1.16,9.96,0.03,0.02,489029.38
271.00,10462.75,0.10,0.47,1.09,9.28,0.03,0.01,489030.25
272.00,10462.68,0.10,0.44,1.01,8.66,0.03,0.01,489031.07
273.00,10462.62,0.09,0.41,0.94,8.07,0.03,0.01,489031.83
274.00,10462.55,0.09,0.38,0.88,7.52,0.03,0.01,489032.54
275.00,10462.49,0.08,0.36,0.82,7.02,0.02,0.01,489033.20
276.00,10462.44,0.07,0.33,0.77,6.54,0.02,0.01,489033.81
277.00,10462.39,0.07,0.31,0.71,6.10,0.02,0.01,489034.39
278.00,10462.34,0.06,0.29,0.67,5.69,0.02,0.01,489034.92
279.00,10462.30,0.06,0.27,0.62,5.30,0.02,0.01,489035.42
280.00,10462.26,0.06,0.25,0.58,4.94,0.02,0.01,489035.89
281.00,10462.22,0.05,0.23,0.54,4.61,0.02,0.01,489036.32
282.00,10462.18,0.05,0.22,0.50,4.30,0.01,0.01,489036.73
283.00,10462.15,0.05,0.20,0.47,4.01,0.01,0.01,489037.11
284.00,10462.12,0.04,0.19,0.44,3.74,0.01,0.01,489037.46
285.00,10462.09,0.04,0.18,0.41,3.48,0.01,0.01,489037.79
286.00,10462.06,0.04,0.17,0.38,3.25,0.01,0.01,489038.09
287.00,10462.04,0.03,0.15,0.35,3.03,0.01,0.00,489038.38
288.00,10462.01,0.03,0.14,0.33,2.82,0.01,0.00,489038.64
289.00,10461.99,0.03,0.13,0.31,2.63,0.01,0.00,489038.89
290.00,10461.97,0.03,0.12,0.29,2.45,0.01,0.00,489039.12
291.00,10461.95,0.03,0.12,0.27,2.29,0.01,0.00,489039.34
292.00,10461.93,0.02,0.11,0.25,2.13,0.01,0.00,489039.54
293.00,10461.92,0.02,0.10,0.23,1.99,0.01,0.00,489039.73
294.00,10461.90,0.02,0.09,0.22,1.85,0.01,0.00,489039.90
295.00,10461.89,0.02,0.09,0.20,1.73,0.01,0.00,489040.06
296.00,10461.87,0.02,0.08,0.19,1.61,0.01,0.00,489040.22
297.00,10461.86,0.02,0.08,0.18,1.50,0.01,0.00,489040.36
298.00,10461.85,0.02,0.07,0.16,1.40,0.00,0.00,489040.49
299.00,10461.84,0.01,0.07,0.15,1.31,0.00,0.00,489040.61
300.00,10461.83,0.01,0.06,0.14,1.22,0.00,0.00,489040.73
301.00,10461.82,0.01,0.06,0.13,1.14,0.00,0.00,489040.83
302.00,10461.81,0.01,0.05,0.12,1.06,0.00,0.00,489040.93
303.00,10461.80,0.01,0.05,0.12,0.99,0.00,0.00,489041.03
304.00,10461.80,0.01,0.05,0.11,0.92,0.00,0.00,489041.11
305.00,10461.79,0.01,0.04,0.10,0.86,0.00,0.00,489041.19
306.00,10461.78,0.01,0.04,0.09,0.80,0.00,0.00,489041.27
307.00,10461.78,0.01,0.04,0.09,0.75,0.00,0.00,489041.34
308.00,10461.77,0.01,0.04,0.08,0.70,0.00,0.00,489041.41
309.00,10461.76,0.01,0.03,0.08,0.65,0.00,0.00,489041.47
310.00,10461.76,0.01,0.03,0.07,0.60,0.00,0.00,489041.52
311.00,10461.75,0.01,0.03,0.07,0.56,0.00,0.00,489041.58
312.00,10461.75,0.01,0.03,0.06,0.53,0.00,0.00,489041.63
313.00,10461.75,0.01,0.02,0.06,0.49,0.00,0.00,489041.67
314.00,10461.74,0.01,0.02,0.05,0.46,0.00,0.00,489041.72
315.00,10461.74,0.00,0.02,0.05,0.43,0.00,0.00,489041.76
316.00,10461.74,0.00,0.02,0.05,0.40,0.00,0.00,489041.79
317.00,10461.73,0.00,0.02,0.04,0.37,0.00,0.00,489041.83
318.00,10461.73,0.00,0.02,0.04,0.35,0.00,0.00,489041.86
319.00,10461.73,0.00,0.02,0.04,0.32,0.00,0.00,489041.89
320.00,10461.72,0.00,0.02,0.04,0.30,0.00,0.00,489041.92
321.00,10461.72,0.00,0.01,0.03,0.28,0.00,0.00,489041.95
322.00,10461.72,0.00,0.01,0.03,0.26,0.00,0.00,489041.97
323.00,10461.72,0.00,0.01,0.03,0.24,0.00,0.00,489041.99
324.00,10461.72,0.00,0.01,0.03,0.23,0.00,0.00,489042.02
325.00,10461.71,0.00,0.01,0.02,0.21,0.00,0.00,489042.04
326.00,10461.71,0.00,0.01,0.02,0.20,0.00,0.00,489042.05
327.00,10461.71,0.00,0.01,0.02,0.18,0.00,0.00,489042.07
328.00,10461.71,0.00,0.01,0.02,0.17,0.00,0.00,489042.09
329.00,10461.71,0.00,0.01,0.02,0.16,0.00,0.00,489042.10
330.00,10461.71,0.00,0.01,0.02,0.15,0.00,0.00,489042.12
331.00,10461.71,0.00,0.01,0.02,0.14,0.00,0.00,489042.13
332.00,10461.70,0.00,0.01,0.02,0.13,0.00,0.00,489042.14
333.00,10461.70,0.00,0.01,0.01,0.12,0.00,0.00,489042.15
334.00,10461.70,0.00,0.01,0.01,0.11,0.00,0.00,489042.16
335.00,10461.70,0.00,0.01,0.01,0.11,0.00,0.00,489042.17
336.00,10461.70,0.00,0.00,0.01,0.10,0.00,0.00,489042.18
337.00,10461.70,0.00,0.00,0.01,0.09,0.00,0.00,489042.19
338.00,10461.70,0.00,0.00,0.01,0.09,0.00,0.00,489042.20
339.00,10461.70,0.00,0.00,0.01,0.08,0.00,0.00,489042.21
340.00,10461.70,0.00,0.00,0.01,0.07,0.00,0.00,489042.21
341.00,10461.70,0.00,0.00,0.01,0.07,0.00,0.00,489042.22
342.00,10461.70,0.00,0.00,0.01,0.06,0.00,0.00,489042.23
343.00,10461.70,0.00,0.00,0.01,0.06,0.00,0.00,489042.23
344.00,10461.70,0.00,0.00,0.01,0.06,0.00,0.00,489042.24
345.00,10461.70,0.00,0.00,0.01,0.05,0.00,0.00,489042.24
346.00,10461.70,0.00,0.00,0.01,0.05,0.00,0.00,489042.25
347.00,10461.70,0.00,0.00,0.01,0.05,0.00,0.00,489042.25
348.00,10461.69,0.00,0.00,0.00,0.04,0.00,0.00,489042.25
349.00,10461.69,0.00,0.00,0.00,0.04,0.00,0.00,489042.26
350.00,10461.69,0.00,0.00,0.00,0.04,0.00,0.00,489042.26
351.00,10461.69,0.00,0.00,0.00,0.03,0.00,0.00,489042.27
352.00,10461.69,0.00,0.00,0.00,0.03,0.00,0.00,489042.27
353.00,10461.69,0.00,0.00,0.00,0.03,0.00,0.00,489042.27
354.00,10461.69,0.00,0.00,0.00,0.03,0.00,0.00,489042.27
355.00,10461.69,0.00,0.00,0.00,0.03,0.00,0.00,489042.28
356.00,10461.69,0.00,0.00,0.00,0.02,0.00,0.00,489042.28
357.00,10461.69,0.00,0.00,0.00,0.02,0.00,0.00,489042.28
358.00,10461.69,0.00,0.00,0.00,0.02,0.00,0.00,489042.28
359.00,10461.69,0.00,0.00,0.00,0.02,0.00,0.00,489042.28
360.00,10461.69,0.00,0.00,0.00,0.02,0.00,0.00,489042.29
361.00,10461.69,0.00,0.00,0.00,0.02,0.00,0.00,489042.29
362.00,10461.69,0.00,0.00,0.00,0.02,0.00,0.00,489042.29
363.00,10461.69,0.00,0.00,0.00,0.01,0.00,0.00,489042.29
364.00,10461.69,0.00,0.00,0.00,0.01,0.00,0.00,489042.29
365.00,10461.69,0.00,0.00,0.00,0.01,0.00,0.00,489042.29
366.00,10461.69,0.00,0.00,0.00,0.01,0.00,0.00,489042.29
367.00,10461.69,0.00,0.00,0.00,0.01,0.00,0.00,489042.30
368.00,10461.69,0.00,0.00,0.00,0.01,0.00,0.00,489042.30
369.00,10461.69,0.00,0.00,0.00,0.01,0.00,0.00,489042.30
370.00,10461.69,0.00,0.00,0.00,0.01,0.00,0.00,489042.30
371.00,10461.69,0.00,0.00,0.00,0.01,0.00,0.00,489042.30
372.00,10461.69,0.00,0.00,0.00,0.01,0.00,0.00,489042.30
373.00,10461.69,0.00,0.00,0.00,0.01,0.00,0.00,489042.30
374.00,10461.69,0.00,0.00,0.00,0.01,0.00,0.00,489042.30
375.00,10461.69,0.00,0.00,0.00,0.01,0.00,0.00,489042.30
376.00,10461.69,0.00,0.00,0.00,0.01,0.00,0.00,489042.30
377.00,10461.69,0.00,0.00,0.00,0.01,0.00,0.00,489042.30
378.00,10461.69,0.00,0.00,0.00,0.01,0.00,0.00,489042.30
379.00,10461.69,0.00,0.00,0.00,0.00,0.00,0.00,489042.30
380.00,10461.69,0.00,0.00,0.00,0.00,0.00,0.00,489042.30
381.00,10461.69,0.00,0.00,0.00,0.00,0.00,0.00,489042.30
382.00,10461.69,0.00,0.00,0.00,0.00,0.00,0.00,489042.30
383.00,10461.69,0.00,0.00,0.00,0.00,0.00,0.00,489042.31
384.00,10461.69,0.00,0.00,0.00,0.00,0.00,0.00,489042.31
385.00,10461.69,0.00,0.00,0.00,0.00,0.00,0.00,489042.31
386.00,10461.69,0.00,0.00,0.00,0.00,0.00,0.00,489042.31
387.00,10461.69,0.00,0.00,0.00,0.00,0.00,0.00,489042.31
388.00,10461.69,0.00,0.00,0.00,0.00,0.00,0.00,489042.31
389.00,10461.69,0.00,0.00,0.00,0.00,0.00,0.00,489042.31
390.00,10461.69,0.00,0.00,0.00,0.00,0.00,0.00,489042.31
391.00,10461.69,0.00,0.00,0.00,0.00,0.00,0.00,489042.31
392.00,10461.69,0.00,0.00,0.00,0.00,0.00,0.00,489042.31
393.00,10461.69,0.00,0.00,0.00,0.00,0.00,0.00,489042.31
394.00,10461.69,0.00,0.00,0.00,0.00,0.00,0.00,489042.31
395.00,10461.69,0.00,0.00,0.00,0.00,0.00,0.00,489042.31
396.00,10461.69,0.00,0.00,0.00,0.00,0.00,0.00,489042.31
397.00,10461.69,0.00,0.00,0.00,0.00,0.00,0.00,489042.31
398.00,10461.69,0.00,0.00,0.00,0.00,0.00,0.00,489042.31
399.00,10461.69,0.00,0.00,0.00,0.00,0.00,0.00,489042.31
400.00,10461.69,0.00,0.00,0.00,0.00,0.00,0.00,489042.31
401.00,10461.69,0.00,0.00,0.00,0.00,0.00,0.00,489042.31
402.00,10461.69,0.00,0.00,0.00,0.00,0.00,0.00,489042.31
403.00,10461.69,0.00,0.00,0.00,0.00,0.00,0.00,489042.31
404.00,10461.69,0.00,0.00,0.00,0.00,0.00,0.00,489042.31
405.00,10461.69,0.00,0.00,0.00,0.00,0.00,0.00,489042.31
406.00,10461.69,0.00,0.00,0.00,0.00,0.00,0.00,489042.31
407.00,10461.69,0.00,0.00,0.00,0.00,0.00,0.00,489042.31
408.00,10461.69,0.00,0.00,0.00,0.00,0.00,0.00,489042.31
409.00,10461.69,0.00,0.00,0.00,0.00,0.00,0.00,489042.31
410.00,10461.69,0.00,0.00,0.00,0.00,0.00,0.00,489042.31
411.00,10461.69,0.00,0.00,0.00,0.00,0.00,0.00,489042.31
412.00,10461.69,0.00,0.00,0.00,0.00,0.00,0.00,489042.31
413.00,10461.69,0.00,0.00,0.00,0.00,0.00,0.00,489042.31
414.00,10461.69,0.00,0.00,0.00,0.00,0.00,0.00,489042.31
415.00,10461.69,0.00,0.00,0.00,0.00,0.00,0.00,489042.31
416.00,10461.69,0.00,0.00,0.00,0.00,0.00,0.00,489042.31
417.00,10461.69,0.00,0.00,0.00,0.00,0.00,0.00,489042.31
418.00,10461.69,0.00,0.00,0.00,0.00,0.00,0.00,489042.31
419.00,10461.69,0.00,0.00,0.00,0.00,0.00,0.00,489042.31
420.00,10461.69,0.00,0.00,0.00,0.00,0.00,0.00,489042.31
421.00,10461.69,0.00,0.00,0.00,0.00,0.00,0.00,489042.31
422.00,10461.69,0.00,0.00,0.00,0.00,0.00,0.00,489042.31
423.00,10461.69,0.00,0.00,0.00,0.00,0.00,0.00,489042.31
424.00,10461.69,0.00,0.00,0.00,0.00,0.00,0.00,489042.31
425.00,10461.69,0.00,0.00,0.00,0.00,0.00,0.00,489042.31
426.00,10461.69,0.00,0.00,0.00,0.00,0.00,0.00,489042.31
427.00,10461.69,0.00,0.00,0.00,0.00,0.00,0.00,489042.31
428.00,10461.69,0.00,0.00,0.00,0.00,0.00,0.00,489042.31
429.00,10461.69,0.00,0.00,0.00,0.00,0.00,0.00,489042.31
430.00,10461.69,0.00,0.00,0.00,0.00,0.00,0.00,489042.31
431.00,10461.69,0.00,0.00,0.00,0.00,0.00,0.00,489042.31
432.00,10461.69,0.00,0.00,0.00,0.00,0.00,0.00,489042.31
433.00,10461.69,0.00,0.00,0.00,0.00,0.00,0.00,489042.31
434.00,10461.69,0.00,0.00,0.00,0.00,0.00,0.00,489042.31
435.00,10461.69,0.00,0.00,0.00,0.00,0.00,0.00,489042.31
436.00,10461.69,0.00,0.00,0.00,0.00,0.00,0.00,489042.31
437.00,10461.69,0.00,0.00,0.00,0.00,0.00,0.00,489042.31
438.00,10461.69,0.00,0.00,0.00,0.00,0.00,0.00,489042.31
439.00,10461.69,0.00,0.00,0.00,0.00,0.00,0.00,489042.31
440.00,10461.69,0.00,0.00,0.00,0.00,0.00,0.00,489042.31
441.00,10461.69,0.00,0.00,0.00,0.00,0.00,0.00,489042.31
442.00,10461.69,0.00,0.00,0.00,0.00,0.00,0.00,489042.31
443.00,10461.69,0.00,0.00,0.00,0.00,0.00,0.00,489042.31
444.00,10461.69,0.00,0.00,0.00,0.00,0.00,0.00,489042.31
445.00,10461.69,0.00,0.00,0.00,0.00,0.00,0.00,489042.31
446.00,10461.69,0.00,0.00,0.00,0.00,0.00,0.00,489042.31
447.00,10461.69,0.00,0.00,0.00,0.00,0.00,0.00,489042.31
448.00,10461.69,0.00,0.00,0.00,0.00,0.00,0.00,489042.31
449.00,10461.69,0.00,0.00,0.00,0.00,0.00,0.00,489042.31
450.00,10461.69,0.00,0.00,0.00,0.00,0.00,0.00,489042.31
451.00,10461.69,0.00,0.00,0.00,0.00,0.00,0.00,489042.31
452.00,10461.69,0.00,0.00,0.00,0.00,0.00,0.00,489042.31
453.00,10461.69,0.00,0.00,0.00,0.00,0.00,0.00,489042.31
454.00,10461.69,0.00,0.00,0.00,0.00,0.00,0.00,489042.31
455.00,10461.69,0.00,0.00,0.00,0.00,0.00,0.00,489042.31
456.00,10461.69,0.00,0.00,0.00,0.00,0.00,0.00,489042.31
457.00,10461.69,0.00,0.00,0.00,0.00,0.00,0.00,489042.31
458.00,10461.69,0.00,0.00,0.00,0.00,0.00,0.00,489042.31
459.00,10461.69,0.00,0.00,0.00,0.00,0.00,0.00,489042.31
460.00,10461.69,0.00,0.00,0.00,0.00,0.00,0.00,489042.31
461.00,10461.69,0.00,0.00,0.00,0.00,0.00,0.00,489042.31
462.00,10461.69,0.00,0.00,0.00,0.00,0.00,0.00,489042.31
463.00,10461.69,0.00,0.00,0.00,0.00,0.00,0.00,489042.31
464.00,10461.69,0.00,0.00,0.00,0.00,0.00,0.00,489042.31
465.00,10461.69,0.00,0.00,0.00,0.00,0.00,0.00,489042.31
466.00,10461.69,0.00,0.00,0.00,0.00,0.00,0.00,489042.31
467.00,10461.69,0.00,0.00,0.00,0.00,0.00,0.00,489042.31
468.00,10461.69,0.00,0.00,0.00,0.00,0.00,0.00,489042.31
469.00,10461.69,0.00,0.00,0.00,0.00,0.00,0.00,489042.31
470.00,10461.69,0.00,0.00,0.00,0.00,0.00,0.00,489042.31
471.00,10461.69,0.00,0.00,0.00,0.00,0.00,0.00,489042.31
472.00,10461.69,0.00,0.00,0.00,0.00,0.00,0.00,489042.31
473.00,10461.69,0.00,0.00,0.00,0.00,0.00,0.00,489042.31
474.00,10461.69,0.00,0.00,0.00,0.00,0.00,0.00,489042.31
475.00,10461.69,0.00,0.00,0.00,0.00,0.00,0.00,489042.31
476.00,10461.69,0.00,0.00,0.00,0.00,0.00,0.00,489042.31
477.00,10461.69,0.00,0.00,0.00,0.00,0.00,0.00,489042.31
478.00,10461.69,0.00,0.00,0.00,0.00,0.00,0.00,489042.31
479.00,10461.69,0.00,0.00,0.00,0.00,0.00,0.00,489042.31
480.00,10461.69,0.00,0.00,0.00,0.00,0.00,0.00,489042.31
481.00,10461.69,0.00,0.00,0.00,0.00,0.00,0.00,489042.31
482.00,10461.69,0.00,0.00,0.00,0.00,0.00,0.00,489042.31
483.00,10461.69,0.00,0.00,0.00,0.00,0.00,0.00,489042.31
484.00,10461.69,0.00,0.00,0.00,0.00,0.00,0.00,489042.31
485.00,10461.69,0.00,0.00,0.00,0.00,0.00,0.00,489042.31
486.00,10461.69,0.00,0.00,0.00,0.00,0.00,0.00,489042.31
487.00,10461.69,0.00,0.00,0.00,0.00,0.00,0.00,489042.31
488.00,10461.69,0.00,0.00,0.00,0.00,0.00,0.00,489042.31
489.00,10461.69,0.00,0.00,0.00,0.00,0.00,0.00,489042.31
490.00,10461.69,0.00,0.00,0.00,0.00,0.00,0.00,489042.31
491.00,10461.69,0.00,0.00,0.00,0.00,0.00,0.00,489042.31
492.00,10461.69,0.00,0.00,0.00,0.00,0.00,0.00,489042.31
493.00,10461.69,0.00,0.00,0.00,0.00,0.00,0.00,489042.31
494.00,10461.69,0.00,0.00,0.00,0.00,0.00,0.00,489042.31
495.00,10461.69,0.00,0.00,0.00,0.00,0.00,0.00,489042.31
496.00,10461.69,0.00,0.00,0.00,0.00,0.00,0.00,489042.31
497.00,10461.69,0.00,0.00,0.00,0.00,0.00,0.00,489042.31
498.00,10461.69,0.00,0.00,0.00,0.00,0.00,0.00,489042.31
499.00,10461.69,0.00,0.00,0.00,0.00,0.00,0.00,489042.31
500.00,10461.69,0.00,0.00,0.00,0.00,0.00,0.00,489042.31
501.00,10461.69,0.00,0.00,0.00,0.00,0.00,0.00,489042.31
502.00,10461.69,0.00,0.00,0.00,0.00,0.00,0.00,489042.31
503.00,10461.69,0.00,0.00,0.00,0.00,0.00,0.00,489042.31
504.00,10461.69,0.00,0.00,0.00,0.00,0.00,0.00,489042.31
505.00,10461.69,0.00,0.00,0.00,0.00,0.00,0.00,489042.31
506.00,10461.69,0.00,0.00,0.00,0.00,0.00,0.00,489042.31
507.00,10461.69,0.00,0.00,0.00,0.00,0.00,0.00,489042.31
508.00,10461.69,0.00,0.00,0.00,0.00,0.00,0.00,489042.31
509.00,10461.69,0.00,0.00,0.00,0.00,0.00,0.00,489042.31
510.00,10461.69,0.00,0.00,0.00,0.00,0.00,0.00,489042.31
511.00,10461.69,0.00,0.00,0.00,0.00,0.00,0.00,489042.31
512.00,10461.69,0.00,0.00,0.00,0.00,0.00,0.00,489042.31
513.00,10461.69,0.00,0.00,0.00,0.00,0.00,0.00,489042.31
514.00,10461.69,0.00,0.00,0.00,0.00,0.00,0.00,489042.31
515.00,10461.69,0.00,0.00,0.00,0.00,0.00,0.00,489042.31
516.00,10461.69,0.00,0.00,0.00,0.00,0.00,0.00,489042.31
517.00,10461.69,0.00,0.00,0.00,0.00,0.00,0.00,489042.31
518.00,10461.69,0.00,0.00,0.00,0.00,0.00,0.00,489042.31
519.00,10461.69,0.00,0.00,0.00,0.00,0.00,0.00,489042.31
520.00,10461.69,0.00,0.00,0.00,0.00,0.00,0.00,489042.31
521.00,10461.69,0.00,0.00,0.00,0.00,0.00,0.00,489042.31
522.00,10461.69,0.00,0.00,0.00,0.00,0.00,0.00,489042.31
523.00,10461.69,0.00,0.00,0.00,0.00,0.00,0.00,489042.31
524.00,10461.69,0.00,0.00,0.00,0.00,0.00,0.00,489042.31
525.00,10461.69,0.00,0.00,0.00,0.00,0.00,0.00,489042.31
526.00,10461.69,0.00,0.00,0.00,0.00,0.00,0.00,489042.31
527.00,10461.69,0.00,0.00,0.00,0.00,0.00,0.00,489042.31
528.00,10461.69,0.00,0.00,0.00,0.00,0.00,0.00,489042.31
529.00,10461.69,0.00,0.00,0.00,0.00,0.00,0.00,489042.31
530.00,10461.69,0.00,0.00,0.00,0.00,0.00,0.00,489042.31
531.00,10461.69,0.00,0.00,0.00,0.00,0.00,0.00,489042.31
532.00,10461.69,0.00,0.00,0.00,0.00,0.00,0.00,489042.31
533.00,10461.69,0.00,0.00,0.00,0.00,0.00,0.00,489042.31
534.00,10461.69,0.00,0.00,0.00,0.00,0.00,0.00,489042.31
535.00,10461.69,0.00,0.00,0.00,0.00,0.00,0.00,489042.31
536.00,10461.69,0.00,0.00,0.00,0.00,0.00,0.00,489042.31
537.00,10461.69,0.00,0.00,0.00,0.00,0.00,0.00,489042.31
538.00,10461.69,0.00,0.00,0.00,0.00,0.00,0.00,489042.31
539.00,10461.69,0.00,0.00,0.00,0.00,0.00,0.00,489042.31
540.00,10461.69,0.00,0.00,0.00,0.00,0.00,0.00,489042.31
541.00,10461.69,0.00,0.00,0.00,0.00,0.00,0.00,489042.31
542.00,10461.69,0.00,0.00,0.00,0.00,0.00,0.00,489042.31
543.00,10461.69,0.00,0.00,0.00,0.00,0.00,0.00,489042.31
544.00,10461.69,0.00,0.00,0.00,0.00,0.00,0.00,489042.31
545.00,10461.69,0.00,0.00,0.00,0.00,0.00,0.00,489042.31
546.00,10461.69,0.00,0.00,0.00,0.00,0.00,0.00,489042.31
547.00,10461.69,0.00,0.00,0.00,0.00,0.00,0.00,489042.31
548.00,10461.69,0.00,0.00,0.00,0.00,0.00,0.00,489042.31
549.00,10461.69,0.00,0.00,0.00,0.00,0.00,0.00,489042.31
550.00,10461.69,0.00,0.00,0.00,0.00,0.00,0.00,489042.31
551.00,10461.69,0.00,0.00,0.00,0.00,0.00,0.00,489042.31
552.00,10461.69,0.00,0.00,0.00,0.00,0.00,0.00,489042.31
553.00,10461.69,0.00,0.00,0.00,0.00,0.00,0.00,489042.31
554.00,10461.69,0.00,0.00,0.00,0.00,0.00,0.00,489042.31
555.00,10461.69,0.00,0.00,0.00,0.00,0.00,0.00,489042.31
556.00,10461.69,0.00,0.00,0.00,0.00,0.00,0.00,489042.31
557.00,10461.69,0.00,0.00,0.00,0.00,0.00,0.00,489042.31
558.00,10461.69,0.00,0.00,0.00,0.00,0.00,0.00,489042.31
559.00,10461.69,0.00,0.00,0.00,0.00,0.00,0.00,489042.31
560.00,10461.69,0.00,0.00,0.00,0.00,0.00,0.00,489042.31
561.00,10461.69,0.00,0.00,0.00,0.00,0.00,0.00,489042.31
562.00,10461.69,0.00,0.00,0.00,0.00,0.00,0.00,489042.31
563.00,10461.69,0.00,0.00,0.00,0.00,0.00,0.00,489042.31
564.00,10461.69,0.00,0.00,0.00,0.00,0.00,0.00,489042.31
565.00,10461.69,0.00,0.00,0.00,0.00,0.00,0.00,489042.31
566.00,10461.69,0.00,0.00,0.00,0.00,0.00,0.00,489042.31
567.00,10461.69,0.00,0.00,0.00,0.00,0.00,0.00,489042.31
568.00,10461.69,0.00,0.00,0.00,0.00,0.00,0.00,489042.31
569.00,10461.69,0.00,0.00,0.00,0.00,0.00,0.00,489042.31
570.00,10461.69,0.00,0.00,0.00,0.00,0.00,0.00,489042.31
571.00,10461.69,0.00,0.00,0.00,0.00,0.00,0.00,489042.31
572.00,10461.69,0.00,0.00,0.00,0.00,0.00,0.00,489042.31
573.00,10461.69,0.00,0.00,0.00,0.00,0.00,0.00,489042.31
574.00,10461.69,0.00,0.00,0.00,0.00,0.00,0.00,489042.31
575.00,10461.69,0.00,0.00,0.00,0.00,0.00,0.00,489042.31
576.00,10461.69,0.00,0.00,0.00,0.00,0.00,0.00,489042.31
577.00,10461.69,0.00,0.00,0.00,0.00,0.00,0.00,489042.31
578.00,10461.69,0.00,0.00,0.00,0.00,0.00,0.00,489042.31
579.00,10461.69,0.00,0.00,0.00,0.00,0.00,0.00,489042.31
580.00,10461.69,0.00,0.00,0.00,0.00,0.00,0.00,489042.31
581.00,10461.69,0.00,0.00,0.00,0.00,0.00,0.00,489042.31
582.00,10461.69,0.00,0.00,0.00,0.00,0.00,0.00,489042.31
583.00,10461.69,0.00,0.00,0.00,0.00,0.00,0.00,489042.31
584.00,10461.69,0.00,0.00,0.00,0.00,0.00,0.00,489042.31
585.00,10461.69,0.00,0.00,0.00,0.00,0.00,0.00,489042.31
586.00,10461.69,0.00,0.00,0.00,0.00,0.00,0.00,489042.31
587.00,10461.69,0.00,0.00,0.00,0.00,0.00,0.00,489042.31
588.00,10461.69,0.00,0.00,0.00,0.00,0.00,0.00,489042.31
589.00,10461.69,0.00,0.00,0.00,0.00,0.00,0.00,489042.31
590.00,10461.69,0.00,0.00,0.00,0.00,0.00,0.00,489042.31
591.00,10461.69,0.00,0.00,0.00,0.00,0.00,0.00,489042.31
592.00,10461.69,0.00,0.00,0.00,0.00,0.00,0.00,489042.31
593.00,10461.69,0.00,0.00,0.00,0.00,0.00,0.00,489042.31
594.00,10461.69,0.00,0.00,0.00,0.00,0.00,0.00,489042.31
595.00,10461.69,0.00,0.00,0.00,0.00,0.00,0.00,489042.31
596.00,10461.69,0.00,0.00,0.00,0.00,0.00,0.00,489042.31
597.00,10461.69,0.00,0.00,0.00,0.00,0.00,0.00,489042.31
598.00,10461.69,0.00,0.00,0.00,0.00,0.00,0.00,489042.31
599.00,10461.69,0.00,0.00,0.00,0.00,0.00,0.00,489042.31
600.00,10461.69,0.00,0.00,0.00,0.00,0.00,0.00,489042.31
601.00,10461.69,0.00,0.00,0.00,0.00,0.00,0.00,489042.31
602.00,10461.69,0.00,0.00,0.00,0.00,0.00,0.00,489042.31
603.00,10461.69,0.00,0.00,0.00,0.00,0.00,0.00,489042.31
604.00,10461.69,0.00,0.00,0.00,0.00,0.00,0.00,489042.31
605.00,10461.69,0.00,0.00,0.00,0.00,0.00,0.00,489042.31
606.00,10461.69,0.00,0.00,0.00,0.00,0.00,0.00,489042.31
607.00,10461.69,0.00,0.00,0.00,0.00,0.00,0.00,489042.31
608.00,10461.69,0.00,0.00,0.00,0.00,0.00,0.00,489042.31
609.00,10461.69,0.00,0.00,0.00,0.00,0.00,0.00,489042.31
610.00,10461.69,0.00,0.00,0.00,0.00,0.00,0.00,489042.31
611.00,10461.69,0.00,0.00,0.00,0.00,0.00,0.00,489042.31
612.00,10461.69,0.00,0.00,0.00,0.00,0.00,0.00,489042.31
613.00,10461.69,0.00,0.00,0.00,0.00,0.00,0.00,489042.31
614.00,10461.69,0.00,0.00,0.00,0.00,0.00,0.00,489042.31
615.00,10461.69,0.00,0.00,0.00,0.00,0.00,0.00,489042.31
616.00,10461.69,0.00,0.00,0.00,0.00,0.00,0.00,489042.31
617.00,10461.69,0.00,0.00,0.00,0.00,0.00,0.00,489042.31
618.00,10461.69,0.00,0.00,0.00,0.00,0.00,0.00,489042.31
619.00,10461.69,0.00,0.00,0.00,0.00,0.00,0.00,489042.31
620.00,10461.69,0.00,0.00,0.00,0.00,0.00,0.00,489042.31
621.00,10461.69,0.00,0.00,0.00,0.00,0.00,0.00,489042.31
622.00,10461.69,0.00,0.00,0.00,0.00,0.00,0.00,489042.31
623.00,10461.69,0.00,0.00,0.00,0.00,0.00,0.00,489042.31
624.00,10461.69,0.00,0.00,0.00,0.00,0.00,0.00,489042.31
625.00,10461.69,0.00,0.00,0.00,0.00,0.00,0.00,489042.31
626.00,10461.69,0.00,0.00,0.00,0.00,0.00,0.00,489042.31
627.00,10461.69,0.00,0.00,0.00,0.00,0.00,0.00,489042.31
628.00,10461.69,0.00,0.00,0.00,0.00,0.00,0.00,489042.31
629.00,10461.69,0.00,0.00,0.00,0.00,0.00,0.00,489042.31
630.00,10461.69,0.00,0.00,0.00,0.00,0.00,0.00,489042.31
631.00,10461.69,0.00,0.00,0.00,0.00,0.00,0.00,489042.31
632.00,10461.69,0.00,0.00,0.00,0.00,0.00,0.00,489042.31
633.00,10461.69,0.00,0.00,0.00,0.00,0.00,0.00,489042.31
634.00,10461.69,0.00,0.00,0.00,0.00,0.00,0.00,489042.31
635.00,10461.69,0.00,0.00,0.00,0.00,0.00,0.00,489042.31
636.00,10461.69,0.00,0.00,0.00,0.00,0.00,0.00,489042.31
637.00,10461.69,0.00,0.00,0.00,0.00,0.00,0.00,489042.31
638.00,10461.69,0.00,0.00,0.00,0.00,0.00,0.00,489042.31
639.00,10461.69,0.00,0.00,0.00,0.00,0.00,0.00,489042.31
640.00,10461.69,0.00,0.00,0.00,0.00,0.00,0.00,489042.31
641.00,10461.69,0.00,0.00,0.00,0.00,0.00,0.00,489042.31
642.00,10461.69,0.00,0.00,0.00,0.00,0.00,0.00,489042.31
643.00,10461.69,0.00,0.00,0.00,0.00,0.00,0.00,489042.31
644.00,10461.69,0.00,0.00,0.00,0.00,0.00,0.00,489042.31
645.00,10461.69,0.00,0.00,0.00,0.00,0.00,0.00,489042.31
646.00,10461.69,0.00,0.00,0.00,0.00,0.00,0.00,489042.31
647.00,10461.69,0.00,0.00,0.00,0.00,0.00,0.00,489042.31
648.00,10461.69,0.00,0.00,0.00,0.00,0.00,0.00,489042.31
649.00,10461.69,0.00,0.00,0.00,0.00,0.00,0.00,489042.31
650.00,10461.69,0.00,0.00,0.00,0.00,0.00,0.00,489042.31
651.00,10461.69,0.00,0.00,0.00,0.00,0.00,0.00,489042.31
652.00,10461.69,0.00,0.00,0.00,0.00,0.00,0.00,489042.31
653.00,10461.69,0.00,0.00,0.00,0.00,0.00,0.00,489042.31
654.00,10461.69,0.00,0.00,0.00,0.00,0.00,0.00,489042.31
655.00,10461.69,0.00,0.00,0.00,0.00,0.00,0.00,489042.31
656.00,10461.69,0.00,0.00,0.00,0.00,0.00,0.00,489042.31
657.00,10461.69,0.00,0.00,0.00,0.00,0.00,0.00,489042.31
658.00,10461.69,0.00,0.00,0.00,0.00,0.00,0.00,489042.31
659.00,10461.69,0.00,0.00,0.00,0.00,0.00,0.00,489042.31
660.00,10461.69,0.00,0.00,0.00,0.00,0.00,0.00,489042.31
661.00,10461.69,0.00,0.00,0.00,0.00,0.00,0.00,489042.31
662.00,10461.69,0.00,0.00,0.00,0.00,0.00,0.00,489042.31
663.00,10461.69,0.00,0.00,0.00,0.00,0.00,0.00,489042.31
664.00,10461.69,0.00,0.00,0.00,0.00,0.00,0.00,489042.31
665.00,10461.69,0.00,0.00,0.00,0.00,0.00,0.00,489042.31
666.00,10461.69,0.00,0.00,0.00,0.00,0.00,0.00,489042.31
667.00,10461.69,0.00,0.00,0.00,0.00,0.00,0.00,489042.31
668.00,10461.69,0.00,0.00,0.00,0.00,0.00,0.00,489042.31
669.00,10461.69,0.00,0.00,0.00,0.00,0.00,0.00,489042.31
670.00,10461.69,0.00,0.00,0.00,0.00,0.00,0.00,489042.31
671.00,10461.69,0.00,0.00,0.00,0.00,0.00,0.00,489042.31
672.00,10461.69,0.00,0.00,0.00,0.00,0.00,0.00,489042.31
673.00,10461.69,0.00,0.00,0.00,0.00,0.00,0.00,489042.31
674.00,10461.69,0.00,0.00,0.00,0.00,0.00,0.00,489042.31
675.00,10461.69,0.00,0.00,0.00,0.00,0.00,0.00,489042.31
676.00,10461.69,0.00,0.00,0.00,0.00,0.00,0.00,489042.31
677.00,10461.69,0.00,0.00,0.00,0.00,0.00,0.00,489042.31
678.00,10461.69,0.00,0.00,0.00,0.00,0.00,0.00,489042.31
679.00,10461.69,0.00,0.00,0.00,0.00,0.00,0.00,489042.31
680.00,10461.69,0.00,0.00,0.00,0.00,0.00,0.00,489042.31
681.00,10461.69,0.00,0.00,0.00,0.00,0.00,0.00,489042.31
682.00,10461.69,0.00,0.00,0.00,0.00,0.00,0.00,489042.31
683.00,10461.69,0.00,0.00,0.00,0.00,0.00,0.00,489042.31
684.00,10461.69,0.00,0.00,0.00,0.00,0.00,0.00,489042.31
685.00,10461.69,0.00,0.00,0.00,0.00,0.00,0.00,489042.31
686.00,10461.69,0.00,0.00,0.00,0.00,0.00,0.00,489042.31
687.00,10461.69,0.00,0.00,0.00,0.00,0.00,0.00,489042.31
688.00,10461.69,0.00,0.00,0.00,0.00,0.00,0.00,489042.31
689.00,10461.69,0.00,0.00,0.00,0.00,0.00,0.00,489042.31
690.00,10461.69,0.00,0.00,0.00,0.00,0.00,0.00,489042.31
691.00,10461.69,0.00,0.00,0.00,0.00,0.00,0.00,489042.31
692.00,10461.69,0.00,0.00,0.00,0.00,0.00,0.00,489042.31
693.00,10461.69,0.00,0.00,0.00,0.00,0.00,0.00,489042.31
694.00,10461.69,0.00,0.00,0.00,0.00,0.00,0.00,489042.31
695.00,10461.69,0.00,0.00,0.00,0.00,0.00,0.00,489042.31
696.00,10461.69,0.00,0.00,0.00,0.00,0.00,0.00,489042.31
697.00,10461.69,0.00,0.00,0.00,0.00,0.00,0.00,489042.31
698.00,10461.69,0.00,0.00,0.00,0.00,0.00,0.00,489042.31
699.00,10461.69,0.00,0.00,0.00,0.00,0.00,0.00,489042.31
700.00,10461.69,0.00,0.00,0.00,0.00,0.00,0.00,489042.31
