0.00,631007.00,0.00,0.00,0.00,0.00,5.00,0.00,0.00
1.00,631004.51,0.45,2.04,0.00,0.00,1.88,0.00,3.12
2.00,631003.58,0.53,2.41,0.04,0.20,0.75,0.20,4.30
3.00,631002.99,0.54,2.43,0.08,0.34,0.33,0.30,4.99
4.00,631002.47,0.53,2.39,0.09,0.43,0.18,0.35,5.57
5.00,631001.95,0.52,2.35,0.10,0.47,0.12,0.36,6.13
6.00,631001.43,0.52,2.33,0.11,0.49,0.09,0.36,6.67
7.00,631000.90,0.51,2.31,0.11,0.50,0.09,0.36,7.22
8.00,631000.38,0.51,2.29,0.11,0.50,0.08,0.36,7.77
9.00,630999.85,0.51,2.28,0.11,0.50,0.08,0.35,8.31
10.00,630999.33,0.50,2.27,0.11,0.50,0.08,0.35,8.85
11.00,630998.81,0.50,2.26,0.11,0.50,0.08,0.35,9.39
12.00,630998.29,0.50,2.25,0.11,0.50,0.08,0.35,9.92
13.00,630997.78,0.50,2.24,0.11,0.50,0.08,0.35,10.46
14.00,630997.26,0.50,2.23,0.11,0.49,0.08,0.35,10.99
15.00,630996.75,0.49,2.22,0.11,0.49,0.08,0.34,11.51
16.00,630996.24,0.49,2.21,0.11,0.49,0.08,0.34,12.04
17.00,630995.73,0.49,2.20,0.11,0.49,0.08,0.34,12.57
18.00,630995.22,0.49,2.19,0.11,0.49,0.08,0.34,13.09
19.00,630994.72,0.49,2.18,0.11,0.48,0.08,0.34,13.61
20.00,630994.22,0.48,2.17,0.11,0.48,0.07,0.34,14.12
21.00,630993.72,0.48,2.16,0.11,0.48,0.07,0.34,14.64
22.00,630993.22,0.48,2.16,0.11,0.48,0.07,0.33,15.15
23.00,630992.73,0.48,2.15,0.11,0.48,0.07,0.33,15.66
24.00,630992.23,0.47,2.14,0.11,0.47,0.07,0.33,16.17
25.00,630991.74,0.47,2.13,0.10,0.47,0.07,0.33,16.68
26.00,630991.25,0.47,2.12,0.10,0.47,0.07,0.33,17.18
27.00,630990.76,0.47,2.11,0.10,0.47,0.07,0.33,17.68
28.00,630990.28,0.47,2.10,0.10,0.47,0.07,0.33,18.18
29.00,630989.80,0.47,2.09,0.10,0.46,0.07,0.32,18.68
30.00,630989.31,0.46,2.08,0.10,0.46,0.07,0.32,19.18
31.00,630988.84,0.46,2.08,0.10,0.46,0.07,0.32,19.67
32.00,630988.36,0.46,2.07,0.10,0.46,0.07,0.32,20.16
33.00,630987.88,0.46,2.06,0.10,0.46,0.07,0.32,20.65
34.00,630987.41,0.46,2.05,0.10,0.45,0.07,0.32,21.14
35.00,630986.94,0.45,2.04,0.10,0.45,0.07,0.32,21.63
36.00,630986.47,0.45,2.03,0.10,0.45,0.07,0.31,22.11
37.00,630986.00,0.45,2.02,0.10,0.45,0.07,0.31,22.59
38.00,630985.54,0.45,2.02,0.10,0.45,0.07,0.31,23.07
39.00,630985.07,0.45,2.01,0.10,0.45,0.07,0.31,23.55
40.00,630984.61,0.44,2.00,0.10,0.44,0.07,0.31,24.03
41.00,630984.15,0.44,1.99,0.10,0.44,0.07,0.31,24.50
42.00,630983.69,0.44,1.98,0.10,0.44,0.07,0.31,24.97
43.00,630983.24,0.44,1.97,0.10,0.44,0.07,0.31,25.44
44.00,630982.78,0.44,1.97,0.10,0.44,0.07,0.30,25.91
45.00,630982.33,0.44,1.96,0.10,0.43,0.07,0.30,26.37
46.00,630981.88,0.43,1.95,0.10,0.43,0.07,0.30,26.84
47.00,630981.43,0.43,1.94,0.10,0.43,0.07,0.30,27.30
48.00,630980.99,0.43,1.93,0.10,0.43,0.07,0.30,27.76
49.00,630980.54,0.43,1.93,0.09,0.43,0.07,0.30,28.22
50.00,630980.10,0.43,1.92,0.09,0.43,0.07,0.30,28.67
51.00,630979.66,0.42,1.91,0.09,0.42,0.07,0.30,29.13
52.00,630979.22,0.42,1.90,0.09,0.42,0.07,0.29,29.58
53.00,630978.78,0.42,1.89,0.09,0.42,0.07,0.29,30.03
54.00,630978.35,0.42,1.89,0.09,0.42,0.06,0.29,30.48
55.00,630977.91,0.42,1.88,0.09,0.42,0.06,0.29,30.93
56.00,630977.48,0.42,1.87,0.09,0.42,0.06,0.29,31.37
57.00,630977.05,0.41,1.86,0.09,0.41,0.06,0.29,31.82
58.00,630976.62,0.41,1.85,0.09,0.41,0.06,0.29,32.26
59.00,630976.19,0.41,1.85,0.09,0.41,0.06,0.29,32.70
60.00,630975.77,0.41,1.84,0.09,0.41,0.06,0.28,33.13
61.00,630975.35,0.41,1.83,0.09,0.41,0.06,0.28,33.57
62.00,630974.93,0.41,1.82,0.09,0.40,0.06,0.28,34.00
63.00,630974.51,0.40,1.82,0.09,0.40,0.06,0.28,34.44
64.00,630974.09,0.40,1.81,0.09,0.40,0.06,0.28,34.87
65.00,630973.67,0.40,1.80,0.09,0.40,0.06,0.28,35.30
66.00,630973.26,0.40,1.79,0.09,0.40,0.06,0.28,35.72
67.00,630972.85,0.40,1.79,0.09,0.40,0.06,0.28,36.15
68.00,630972.43,0.40,1.78,0.09,0.39,0.06,0.28,36.57
69.00,630972.03,0.39,1.77,0.09,0.39,0.06,0.27,36.99
70.00,630971.62,0.39,1.76,0.09,0.39,0.06,0.27,37.41
71.00,630971.21,0.39,1.76,0.09,0.39,0.06,0.27,37.83
72.00,630970.81,0.39,1.75,0.09,0.39,0.06,0.27,38.25
73.00,630970.41,0.39,1.74,0.09,0.39,0.06,0.27,38.66
74.00,630970.00,0.39,1.74,0.09,0.39,0.06,0.27,39.07
75.00,630969.61,0.38,1.73,0.09,0.38,0.06,0.27,39.49
76.00,630969.21,0.38,1.72,0.08,0.38,0.06,0.27,39.90
77.00,630968.81,0.38,1.71,0.08,0.38,0.06,0.27,40.30
78.00,630968.42,0.38,1.71,0.08,0.38,0.06,0.26,40.71
79.00,630968.03,0.38,1.70,0.08,0.38,0.06,0.26,41.11
80.00,630967.64,0.38,1.69,0.08,0.38,0.06,0.26,41.52
81.00,630967.25,0.37,1.69,0.08,0.37,0.06,0.26,41.92
82.00,630966.86,0.37,1.68,0.08,0.37,0.06,0.26,42.32
83.00,630966.47,0.37,1.67,0.08,0.37,0.06,0.26,42.71
84.00,630966.09,0.37,1.66,0.08,0.37,0.06,0.26,43.11
85.00,630965.71,0.37,1.66,0.08,0.37,0.06,0.26,43.51
86.00,630965.32,0.37,1.65,0.08,0.37,0.06,0.26,43.90
87.00,630964.94,0.37,1.64,0.08,0.36,0.06,0.25,44.29
88.00,630964.57,0.36,1.64,0.08,0.36,0.06,0.25,44.68
89.00,630964.19,0.36,1.63,0.08,0.36,0.06,0.25,45.07
90.00,630963.81,0.36,1.62,0.08,0.36,0.06,0.25,45.45
91.00,630963.44,0.36,1.62,0.08,0.36,0.06,0.25,45.84
92.00,630963.07,0.36,1.61,0.08,0.36,0.06,0.25,46.22
93.00,630962.70,0.36,1.60,0.08,0.36,0.06,0.25,46.60
94.00,630962.33,0.35,1.60,0.08,0.35,0.05,0.25,46.98
95.00,630961.96,0.35,1.59,0.08,0.35,0.05,0.25,47.36
96.00,630961.60,0.35,1.58,0.08,0.35,0.05,0.25,47.74
97.00,630961.23,0.35,1.58,0.08,0.35,0.05,0.24,48.11
98.00,630960.87,0.35,1.57,0.08,0.35,0.05,0.24,48.49
99.00,630960.51,0.35,1.56,0.08,0.35,0.05,0.24,48.86
100.00,630960.15,0.35,1.56,0.08,0.35,0.05,0.24,49.23
101.00,630959.79,0.34,1.55,0.08,0.34,0.05,0.24,49.60
102.00,630959.44,0.34,1.54,0.08,0.34,0.05,0.24,49.97
103.00,630959.08,0.34,1.54,0.08,0.34,0.05,0.24,50.33
104.00,630958.73,0.34,1.53,0.08,0.34,0.05,0.24,50.70
105.00,630958.37,0.34,1.53,0.08,0.34,0.05,0.24,51.06
106.00,630958.02,0.34,1.52,0.07,0.34,0.05,0.24,51.42
107.00,630957.67,0.34,1.51,0.07,0.34,0.05,0.23,51.78
108.00,630957.33,0.33,1.51,0.07,0.33,0.05,0.23,52.14
109.00,630956.98,0.33,1.50,0.07,0.33,0.05,0.23,52.50
110.00,630956.64,0.33,1.49,0.07,0.33,0.05,0.23,52.85
111.00,630956.29,0.33,1.49,0.07,0.33,0.05,0.23,53.21
112.00,630955.95,0.33,1.48,0.07,0.33,0.05,0.23,53.56
113.00,630955.61,0.33,1.48,0.07,0.33,0.05,0.23,53.91
114.00,630955.27,0.33,1.47,0.07,0.33,0.05,0.23,54.26
115.00,630954.93,0.33,1.46,0.07,0.32,0.05,0.23,54.61
116.00,630954.60,0.32,1.46,0.07,0.32,0.05,0.23,54.95
117.00,630954.26,0.32,1.45,0.07,0.32,0.05,0.22,55.30
118.00,630953.93,0.32,1.44,0.07,0.32,0.05,0.22,55.64
119.00,630953.59,0.32,1.44,0.07,0.32,0.05,0.22,55.98
120.00,630953.26,0.32,1.43,0.07,0.32,0.05,0.22,56.33
121.00,630952.93,0.32,1.43,0.07,0.32,0.05,0.22,56.66
122.00,630952.61,0.32,1.42,0.07,0.32,0.05,0.22,57.00
123.00,630952.28,0.31,1.42,0.07,0.31,0.05,0.22,57.34
124.00,630951.95,0.31,1.41,0.07,0.31,0.05,0.22,57.68
125.00,630951.63,0.31,1.40,0.07,0.31,0.05,0.22,58.01
126.00,630951.31,0.31,1.40,0.07,0.31,0.05,0.22,58.34
127.00,630950.99,0.31,1.39,0.07,0.31,0.05,0.22,58.67
128.00,630950.67,0.31,1.39,0.07,0.31,0.05,0.21,59.00
129.00,630950.35,0.31,1.38,0.07,0.31,0.05,0.21,59.33
130.00,630950.03,0.31,1.37,0.07,0.30,0.05,0.21,59.66
131.00,630949.71,0.30,1.37,0.07,0.30,0.05,0.21,59.98
132.00,630949.40,0.30,1.36,0.07,0.30,0.05,0.21,60.31
133.00,630949.09,0.30,1.36,0.07,0.30,0.05,0.21,60.63
134.00,630948.77,0.30,1.35,0.07,0.30,0.05,0.21,60.95
135.00,630948.46,0.30,1.35,0.07,0.30,0.05,0.21,61.27
136.00,630948.15,0.30,1.34,0.07,0.30,0.05,0.21,61.59
137.00,630947.84,0.30,1.33,0.07,0.30,0.05,0.21,61.91
138.00,630947.54,0.30,1.33,0.07,0.29,0.05,0.21,62.23
139.00,630947.23,0.29,1.32,0.07,0.29,0.05,0.21,62.54
140.00,630946.93,0.29,1.32,0.07,0.29,0.05,0.20,62.85
141.00,630946.62,0.29,1.31,0.06,0.29,0.05,0.20,63.17
142.00,630946.32,0.29,1.31,0.06,0.29,0.04,0.20,63.48
143.00,630946.02,0.29,1.30,0.06,0.29,0.04,0.20,63.79
144.00,630945.72,0.29,1.30,0.06,0.29,0.04,0.20,64.10
145.00,630945.42,0.29,1.29,0.06,0.29,0.04,0.20,64.40
146.00,630945.13,0.29,1.29,0.06,0.29,0.04,0.20,64.71
147.00,630944.83,0.28,1.28,0.06,0.28,0.04,0.20,65.01
148.00,630944.54,0.28,1.28,0.06,0.28,0.04,0.20,65.32
149.00,630944.24,0.28,1.27,0.06,0.28,0.04,0.20,65.62
150.00,630943.95,0.28,1.26,0.06,0.28,0.04,0.20,65.92
151.00,630943.66,0.28,1.26,0.06,0.28,0.04,0.20,66.22
152.00,630943.37,0.28,1.25,0.06,0.28,0.04,0.19,66.52
153.00,630943.08,0.28,1.25,0.06,0.28,0.04,0.19,66.82
154.00,630942.80,0.28,1.24,0.06,0.28,0.04,0.19,67.11
155.00,630942.51,0.28,1.24,0.06,0.27,0.04,0.19,67.41
156.00,630942.23,0.27,1.23,0.06,0.27,0.04,0.19,67.70
157.00,630941.94,0.27,1.23,0.06,0.27,0.04,0.19,67.99
158.00,630941.66,0.27,1.22,0.06,0.27,0.04,0.19,68.28
159.00,630941.38,0.27,1.22,0.06,0.27,0.04,0.19,68.57
160.00,630941.10,0.27,1.21,0.06,0.27,0.04,0.19,68.86
161.00,630940.82,0.27,1.21,0.06,0.27,0.04,0.19,69.15
162.00,630940.54,0.27,1.20,0.06,0.27,0.04,0.19,69.43
163.00,630940.26,0.27,1.20,0.06,0.27,0.04,0.19,69.72
164.00,630939.99,0.27,1.19,0.06,0.26,0.04,0.18,70.00
165.00,630939.71,0.26,1.19,0.06,0.26,0.04,0.18,70.29
166.00,630939.44,0.26,1.18,0.06,0.26,0.04,0.18,70.57
167.00,630939.17,0.26,1.18,0.06,0.26,0.04,0.18,70.85
168.00,630938.90,0.26,1.17,0.06,0.26,0.04,0.18,71.13
169.00,630938.63,0.26,1.17,0.06,0.26,0.04,0.18,71.41
170.00,630938.36,0.26,1.16,0.06,0.26,0.04,0.18,71.68
171.00,630938.09,0.26,1.16,0.06,0.26,0.04,0.18,71.96
172.00,630937.83,0.26,1.15,0.06,0.26,0.04,0.18,72.23
173.00,630937.56,0.26,1.15,0.06,0.25,0.04,0.18,72.51
174.00,630937.30,0.25,1.14,0.06,0.25,0.04,0.18,72.78
175.00,630937.03,0.25,1.14,0.06,0.25,0.04,0.18,73.05
176.00,630936.77,0.25,1.13,0.06,0.25,0.04,0.18,73.32
177.00,630936.51,0.25,1.13,0.06,0.25,0.04,0.17,73.59
178.00,630936.25,0.25,1.13,0.06,0.25,0.04,0.17,73.86
179.00,630935.99,0.25,1.12,0.06,0.25,0.04,0.17,74.12
180.00,630935.73,0.25,1.12,0.06,0.25,0.04,0.17,74.39
181.00,630935.48,0.25,1.11,0.05,0.25,0.04,0.17,74.65
182.00,630935.22,0.25,1.11,0.05,0.25,0.04,0.17,74.92
183.00,630934.97,0.24,1.10,0.05,0.24,0.04,0.17,75.18
184.00,630934.71,0.24,1.10,0.05,0.24,0.04,0.17,75.44
185.00,630934.46,0.24,1.09,0.05,0.24,0.04,0.17,75.70
186.00,630934.21,0.24,1.09,0.05,0.24,0.04,0.17,75.96
187.00,630933.96,0.24,1.08,0.05,0.24,0.04,0.17,76.22
188.00,630933.71,0.24,1.08,0.05,0.24,0.04,0.17,76.47
189.00,630933.46,0.24,1.07,0.05,0.24,0.04,0.17,76.73
190.00,630933.22,0.24,1.07,0.05,0.24,0.04,0.17,76.98
191.00,630932.97,0.24,1.07,0.05,0.24,0.04,0.17,77.24
192.00,630932.72,0.24,1.06,0.05,0.24,0.04,0.16,77.49
193.00,630932.48,0.23,1.06,0.05,0.23,0.04,0.16,77.74
194.00,630932.24,0.23,1.05,0.05,0.23,0.04,0.16,77.99
195.00,630932.00,0.23,1.05,0.05,0.23,0.04,0.16,78.24
196.00,630931.75,0.23,1.04,0.05,0.23,0.04,0.16,78.49
197.00,630931.51,0.23,1.04,0.05,0.23,0.04,0.16,78.74
198.00,630931.28,0.23,1.04,0.05,0.23,0.04,0.16,78.98
199.00,630931.04,0.23,1.03,0.05,0.23,0.04,0.16,79.23
200.00,630930.80,0.23,1.03,0.05,0.23,0.04,0.16,79.47
201.00,630930.56,0.23,1.02,0.05,0.23,0.04,0.16,79.72
202.00,630930.33,0.23,1.02,0.05,0.23,0.04,0.16,79.96
203.00,630930.09,0.23,1.01,0.05,0.22,0.03,0.16,80.20
204.00,630929.86,0.22,1.01,0.05,0.22,0.03,0.16,80.44
205.00,630929.63,0.22,1.01,0.05,0.22,0.03,0.16,80.68
206.00,630929.40,0.22,1.00,0.05,0.22,0.03,0.16,80.92
207.00,630929.17,0.22,1.00,0.05,0.22,0.03,0.15,81.15
208.00,630928.94,0.22,0.99,0.05,0.22,0.03,0.15,81.39
209.00,630928.71,0.22,0.99,0.05,0.22,0.03,0.15,81.63
210.00,630928.48,0.22,0.98,0.05,0.22,0.03,0.15,81.86
211.00,630928.26,0.22,0.98,0.05,0.22,0.03,0.15,82.09
212.00,630928.03,0.22,0.98,0.05,0.22,0.03,0.15,82.33
213.00,630927.81,0.22,0.97,0.05,0.22,0.03,0.15,82.56
214.00,630927.58,0.22,0.97,0.05,0.21,0.03,0.15,82.79
215.00,630927.36,0.21,0.96,0.05,0.21,0.03,0.15,83.02
216.00,630927.14,0.21,0.96,0.05,0.21,0.03,0.15,83.25
217.00,630926.92,0.21,0.96,0.05,0.21,0.03,0.15,83.47
218.00,630926.70,0.21,0.95,0.05,0.21,0.03,0.15,83.70
219.00,630926.48,0.21,0.95,0.05,0.21,0.03,0.15,83.93
220.00,630926.26,0.21,0.94,0.05,0.21,0.03,0.15,84.15
221.00,630926.04,0.21,0.94,0.05,0.21,0.03,0.15,84.37
222.00,630925.83,0.21,0.94,0.05,0.21,0.03,0.15,84.60
223.00,630925.61,0.21,0.93,0.05,0.21,0.03,0.14,84.82
224.00,630925.40,0.21,0.93,0.05,0.21,0.03,0.14,85.04
225.00,630925.18,0.21,0.92,0.05,0.21,0.03,0.14,85.26
226.00,630924.97,0.20,0.92,0.05,0.20,0.03,0.14,85.48
227.00,630924.76,0.20,0.92,0.05,0.20,0.03,0.14,85.70
228.00,630924.55,0.20,0.91,0.05,0.20,0.03,0.14,85.91
229.00,630924.34,0.20,0.91,0.04,0.20,0.03,0.14,86.13
230.00,630924.13,0.20,0.91,0.04,0.20,0.03,0.14,86.35
231.00,630923.92,0.20,0.90,0.04,0.20,0.03,0.14,86.56
232.00,630923.71,0.20,0.90,0.04,0.20,0.03,0.14,86.77
233.00,630923.51,0.20,0.89,0.04,0.20,0.03,0.14,86.99
234.00,630923.30,0.20,0.89,0.04,0.20,0.03,0.14,87.20
235.00,630923.10,0.20,0.89,0.04,0.20,0.03,0.14,87.41
236.00,630922.89,0.20,0.88,0.04,0.20,0.03,0.14,87.62
237.00,630922.69,0.20,0.88,0.04,0.20,0.03,0.14,87.83
238.00,630922.49,0.19,0.88,0.04,0.19,0.03,0.14,88.04
239.00,630922.29,0.19,0.87,0.04,0.19,0.03,0.14,88.25
240.00,630922.08,0.19,0.87,0.04,0.19,0.03,0.13,88.45
241.00,630921.89,0.19,0.87,0.04,0.19,0.03,0.13,88.66
242.00,630921.69,0.19,0.86,0.04,0.19,0.03,0.13,88.86
243.00,630921.49,0.19,0.86,0.04,0.19,0.03,0.13,89.07
244.00,630921.29,0.19,0.85,0.04,0.19,0.03,0.13,89.27
245.00,630921.09,0.19,0.85,0.04,0.19,0.03,0.13,89.47
246.00,630920.90,0.19,0.85,0.04,0.19,0.03,0.13,89.68
247.00,630920.70,0.19,0.84,0.04,0.19,0.03,0.13,89.88
248.00,630920.51,0.19,0.84,0.04,0.19,0.03,0.13,90.08
249.00,630920.32,0.19,0.84,0.04,0.19,0.03,0.13,90.28
250.00,630920.12,0.19,0.83,0.04,0.18,0.03,0.13,90.47
251.00,630919.93,0.18,0.83,0.04,0.18,0.03,0.13,90.67
252.00,630919.74,0.18,0.83,0.04,0.18,0.03,0.13,90.87
253.00,630919.55,0.18,0.82,0.04,0.18,0.03,0.13,91.06
254.00,630919.36,0.18,0.82,0.04,0.18,0.03,0.13,91.26
255.00,630919.17,0.18,0.82,0.04,0.18,0.03,0.13,91.45
256.00,630918.99,0.18,0.81,0.04,0.18,0.03,0.13,91.65
257.00,630918.80,0.18,0.81,0.04,0.18,0.03,0.13,91.84
258.00,630918.61,0.18,0.81,0.04,0.18,0.03,0.12,92.03
259.00,630918.43,0.18,0.80,0.04,0.18,0.03,0.12,92.22
260.00,630918.24,0.18,0.80,0.04,0.18,0.03,0.12,92.41
261.00,630918.06,0.18,0.80,0.04,0.18,0.03,0.12,92.60
262.00,630917.88,0.18,0.79,0.04,0.18,0.03,0.12,92.79
263.00,630917.69,0.18,0.79,0.04,0.18,0.03,0.12,92.98
264.00,630917.51,0.17,0.79,0.04,0.17,0.03,0.12,93.16
265.00,630917.33,0.17,0.78,0.04,0.17,0.03,0.12,93.35
266.00,630917.15,0.17,0.78,0.04,0.17,0.03,0.12,93.54
267.00,630916.97,0.17,0.78,0.04,0.17,0.03,0.12,93.72
268.00,630916.79,0.17,0.77,0.04,0.17,0.03,0.12,93.90
269.00,630916.62,0.17,0.77,0.04,0.17,0.03,0.12,94.09
270.00,630916.44,0.17,0.77,0.04,0.17,0.03,0.12,94.27
271.00,630916.26,0.17,0.76,0.04,0.17,0.03,0.12,94.45
272.00,630916.09,0.17,0.76,0.04,0.17,0.03,0.12,94.63
273.00,630915.91,0.17,0.76,0.04,0.17,0.03,0.12,94.81
274.00,630915.74,0.17,0.75,0.04,0.17,0.03,0.12,94.99
275.00,630915.57,0.17,0.75,0.04,0.17,0.03,0.12,95.17
276.00,630915.39,0.17,0.75,0.04,0.17,0.03,0.12,95.35
277.00,630915.22,0.17,0.74,0.04,0.17,0.03,0.12,95.53
278.00,630915.05,0.16,0.74,0.04,0.16,0.03,0.11,95.70
279.00,630914.88,0.16,0.74,0.04,0.16,0.03,0.11,95.88
280.00,630914.71,0.16,0.74,0.04,0.16,0.03,0.11,96.05
281.00,630914.54,0.16,0.73,0.04,0.16,0.03,0.11,96.23
282.00,630914.37,0.16,0.73,0.04,0.16,0.03,0.11,96.40
283.00,630914.20,0.16,0.73,0.04,0.16,0.02,0.11,96.57
284.00,630914.04,0.16,0.72,0.04,0.16,0.02,0.11,96.75
285.00,630913.87,0.16,0.72,0.04,0.16,0.02,0.11,96.92
286.00,630913.71,0.16,0.72,0.04,0.16,0.02,0.11,97.09
287.00,630913.54,0.16,0.71,0.04,0.16,0.02,0.11,97.26
288.00,630913.38,0.16,0.71,0.04,0.16,0.02,0.11,97.43
289.00,630913.21,0.16,0.71,0.03,0.16,0.02,0.11,97.60
290.00,630913.05,0.16,0.71,0.03,0.16,0.02,0.11,97.76
291.00,630912.89,0.16,0.70,0.03,0.16,0.02,0.11,97.93
292.00,630912.73,0.16,0.70,0.03,0.16,0.02,0.11,98.10
293.00,630912.57,0.15,0.70,0.03,0.15,0.02,0.11,98.26
294.00,630912.41,0.15,0.69,0.03,0.15,0.02,0.11,98.43
295.00,630912.25,0.15,0.69,0.03,0.15,0.02,0.11,98.59
296.00,630912.09,0.15,0.69,0.03,0.15,0.02,0.11,98.76
297.00,630911.93,0.15,0.68,0.03,0.15,0.02,0.11,98.92
298.00,630911.77,0.15,0.68,0.03,0.15,0.02,0.11,99.08
299.00,630911.61,0.15,0.68,0.03,0.15,0.02,0.11,99.24
300.00,630911.46,0.15,0.68,0.03,0.15,0.02,0.10,99.40
301.00,630911.30,0.15,0.67,0.03,0.15,0.02,0.10,99.56
302.00,630911.15,0.15,0.67,0.03,0.15,0.02,0.10,99.72
303.00,630910.99,0.15,0.67,0.03,0.15,0.02,0.10,99.88
304.00,630910.84,0.15,0.67,0.03,0.15,0.02,0.10,100.04
305.00,630910.69,0.15,0.66,0.03,0.15,0.02,0.10,100.20
306.00,630910.54,0.15,0.66,0.03,0.15,0.02,0.10,100.35
307.00,630910.38,0.15,0.66,0.03,0.15,0.02,0.10,100.51
308.00,630910.23,0.15,0.65,0.03,0.15,0.02,0.10,100.67
309.00,630910.08,0.14,0.65,0.03,0.14,0.02,0.10,100.82
310.00,630909.93,0.14,0.65,0.03,0.14,0.02,0.10,100.98
311.00,630909.78,0.14,0.65,0.03,0.14,0.02,0.10,101.13
312.00,630909.63,0.14,0.64,0.03,0.14,0.02,0.10,101.28
313.00,630909.49,0.14,0.64,0.03,0.14,0.02,0.10,101.44
314.00,630909.34,0.14,0.64,0.03,0.14,0.02,0.10,101.59
315.00,630909.19,0.14,0.64,0.03,0.14,0.02,0.10,101.74
316.00,630909.05,0.14,0.63,0.03,0.14,0.02,0.10,101.89
317.00,630908.90,0.14,0.63,0.03,0.14,0.02,0.10,102.04
318.00,630908.76,0.14,0.63,0.03,0.14,0.02,0.10,102.19
319.00,630908.61,0.14,0.62,0.03,0.14,0.02,0.10,102.34
320.00,630908.47,0.14,0.62,0.03,0.14,0.02,0.10,102.48
321.00,630908.32,0.14,0.62,0.03,0.14,0.02,0.10,102.63
322.00,630908.18,0.14,0.62,0.03,0.14,0.02,0.10,102.78
323.00,630908.04,0.14,0.61,0.03,0.14,0.02,0.10,102.93
324.00,630907.90,0.14,0.61,0.03,0.14,0.02,0.09,103.07
325.00,630907.76,0.14,0.61,0.03,0.14,0.02,0.09,103.22
326.00,630907.62,0.13,0.61,0.03,0.13,0.02,0.09,103.36
327.00,630907.48,0.13,0.60,0.03,0.13,0.02,0.09,103.50
328.00,630907.34,0.13,0.60,0.03,0.13,0.02,0.09,103.65
329.00,630907.20,0.13,0.60,0.03,0.13,0.02,0.09,103.79
330.00,630907.06,0.13,0.60,0.03,0.13,0.02,0.09,103.93
331.00,630906.93,0.13,0.59,0.03,0.13,0.02,0.09,104.07
332.00,630906.79,0.13,0.59,0.03,0.13,0.02,0.09,104.21
333.00,630906.65,0.13,0.59,0.03,0.13,0.02,0.09,104.35
334.00,630906.52,0.13,0.59,0.03,0.13,0.02,0.09,104.49
335.00,630906.38,0.13,0.58,0.03,0.13,0.02,0.09,104.63
336.00,630906.25,0.13,0.58,0.03,0.13,0.02,0.09,104.77
337.00,630906.12,0.13,0.58,0.03,0.13,0.02,0.09,104.91
338.00,630905.98,0.13,0.58,0.03,0.13,0.02,0.09,105.05
339.00,630905.85,0.13,0.57,0.03,0.13,0.02,0.09,105.18
340.00,630905.72,0.13,0.57,0.03,0.13,0.02,0.09,105.32
341.00,630905.59,0.13,0.57,0.03,0.13,0.02,0.09,105.46
342.00,630905.45,0.13,0.57,0.03,0.13,0.02,0.09,105.59
343.00,630905.32,0.13,0.57,0.03,0.13,0.02,0.09,105.72
344.00,630905.19,0.13,0.56,0.03,0.12,0.02,0.09,105.86
345.00,630905.06,0.12,0.56,0.03,0.12,0.02,0.09,105.99
346.00,630904.94,0.12,0.56,0.03,0.12,0.02,0.09,106.13
347.00,630904.81,0.12,0.56,0.03,0.12,0.02,0.09,106.26
348.00,630904.68,0.12,0.55,0.03,0.12,0.02,0.09,106.39
349.00,630904.55,0.12,0.55,0.03,0.12,0.02,0.09,106.52
350.00,630904.43,0.12,0.55,0.03,0.12,0.02,0.09,106.65
351.00,630904.30,0.12,0.55,0.03,0.12,0.02,0.08,106.78
352.00,630904.17,0.12,0.54,0.03,0.12,0.02,0.08,106.91
353.00,630904.05,0.12,0.54,0.03,0.12,0.02,0.08,107.04
354.00,630903.92,0.12,0.54,0.03,0.12,0.02,0.08,107.17
355.00,630903.80,0.12,0.54,0.03,0.12,0.02,0.08,107.30
356.00,630903.68,0.12,0.54,0.03,0.12,0.02,0.08,107.42
357.00,630903.55,0.12,0.53,0.03,0.12,0.02,0.08,107.55
358.00,630903.43,0.12,0.53,0.03,0.12,0.02,0.08,107.68
359.00,630903.31,0.12,0.53,0.03,0.12,0.02,0.08,107.80
360.00,630903.19,0.12,0.53,0.03,0.12,0.02,0.08,107.93
361.00,630903.07,0.12,0.52,0.03,0.12,0.02,0.08,108.05
362.00,630902.95,0.12,0.52,0.03,0.12,0.02,0.08,108.18
363.00,630902.83,0.12,0.52,0.03,0.12,0.02,0.08,108.30
364.00,630902.71,0.12,0.52,0.03,0.11,0.02,0.08,108.42
365.00,630902.59,0.11,0.52,0.03,0.11,0.02,0.08,108.55
366.00,630902.47,0.11,0.51,0.03,0.11,0.02,0.08,108.67
367.00,630902.35,0.11,0.51,0.03,0.11,0.02,0.08,108.79
368.00,630902.23,0.11,0.51,0.03,0.11,0.02,0.08,108.91
369.00,630902.12,0.11,0.51,0.03,0.11,0.02,0.08,109.03
370.00,630902.00,0.11,0.50,0.02,0.11,0.02,0.08,109.15
371.00,630901.88,0.11,0.50,0.02,0.11,0.02,0.08,109.27
372.00,630901.77,0.11,0.50,0.02,0.11,0.02,0.08,109.39
373.00,630901.65,0.11,0.50,0.02,0.11,0.02,0.08,109.51
374.00,630901.54,0.11,0.50,0.02,0.11,0.02,0.08,109.63
375.00,630901.42,0.11,0.49,0.02,0.11,0.02,0.08,109.75
376.00,630901.31,0.11,0.49,0.02,0.11,0.02,0.08,109.86
377.00,630901.20,0.11,0.49,0.02,0.11,0.02,0.08,109.98
378.00,630901.08,0.11,0.49,0.02,0.11,0.02,0.08,110.10
379.00,630900.97,0.11,0.49,0.02,0.11,0.02,0.08,110.21
380.00,630900.86,0.11,0.48,0.02,0.11,0.02,0.08,110.33
381.00,630900.75,0.11,0.48,0.02,0.11,0.02,0.07,110.44
382.00,630900.64,0.11,0.48,0.02,0.11,0.02,0.07,110.56
383.00,630900.53,0.11,0.48,0.02,0.11,0.02,0.07,110.67
384.00,630900.42,0.11,0.48,0.02,0.11,0.02,0.07,110.78
385.00,630900.31,0.11,0.47,0.02,0.11,0.02,0.07,110.90
386.00,630900.20,0.10,0.47,0.02,0.10,0.02,0.07,111.01
387.00,630900.09,0.10,0.47,0.02,0.10,0.02,0.07,111.12
388.00,630899.98,0.10,0.47,0.02,0.10,0.02,0.07,111.23
389.00,630899.87,0.10,0.47,0.02,0.10,0.02,0.07,111.34
390.00,630899.77,0.10,0.46,0.02,0.10,0.02,0.07,111.45
391.00,630899.66,0.10,0.46,0.02,0.10,0.02,0.07,111.56
392.00,630899.55,0.10,0.46,0.02,0.10,0.02,0.07,111.67
393.00,630899.45,0.10,0.46,0.02,0.10,0.02,0.07,111.78
394.00,630899.34,0.10,0.46,0.02,0.10,0.02,0.07,111.89
395.00,630899.24,0.10,0.45,0.02,0.10,0.02,0.07,112.00
396.00,630899.13,0.10,0.45,0.02,0.10,0.02,0.07,112.11
397.00,630899.03,0.10,0.45,0.02,0.10,0.02,0.07,112.21
398.00,630898.92,0.10,0.45,0.02,0.10,0.02,0.07,112.32
399.00,630898.82,0.10,0.45,0.02,0.10,0.02,0.07,112.43
400.00,630898.72,0.10,0.45,0.02,0.10,0.02,0.07,112.53
401.00,630898.62,0.10,0.44,0.02,0.10,0.02,0.07,112.64
402.00,630898.51,0.10,0.44,0.02,0.10,0.02,0.07,112.74
403.00,630898.41,0.10,0.44,0.02,0.10,0.02,0.07,112.85
404.00,630898.31,0.10,0.44,0.02,0.10,0.02,0.07,112.95
405.00,630898.21,0.10,0.44,0.02,0.10,0.02,0.07,113.06
406.00,630898.11,0.10,0.43,0.02,0.10,0.01,0.07,113.16
407.00,630898.01,0.10,0.43,0.02,0.10,0.01,0.07,113.26
408.00,630897.91,0.10,0.43,0.02,0.10,0.01,0.07,113.36
409.00,630897.81,0.10,0.43,0.02,0.10,0.01,0.07,113.47
410.00,630897.71,0.09,0.43,0.02,0.09,0.01,0.07,113.57
411.00,630897.61,0.09,0.43,0.02,0.09,0.01,0.07,113.67
412.00,630897.52,0.09,0.42,0.02,0.09,0.01,0.07,113.77
413.00,630897.42,0.09,0.42,0.02,0.09,0.01,0.07,113.87
414.00,630897.32,0.09,0.42,0.02,0.09,0.01,0.07,113.97
415.00,630897.23,0.09,0.42,0.02,0.09,0.01,0.06,114.07
416.00,630897.13,0.09,0.42,0.02,0.09,0.01,0.06,114.17
417.00,630897.03,0.09,0.41,0.02,0.09,0.01,0.06,114.27
418.00,630896.94,0.09,0.41,0.02,0.09,0.01,0.06,114.37
419.00,630896.84,0.09,0.41,0.02,0.09,0.01,0.06,114.46
420.00,630896.75,0.09,0.41,0.02,0.09,0.01,0.06,114.56
421.00,630896.65,0.09,0.41,0.02,0.09,0.01,0.06,114.66
422.00,630896.56,0.09,0.41,0.02,0.09,0.01,0.06,114.76
423.00,630896.47,0.09,0.40,0.02,0.09,0.01,0.06,114.85
424.00,630896.37,0.09,0.40,0.02,0.09,0.01,0.06,114.95
425.00,630896.28,0.09,0.40,0.02,0.09,0.01,0.06,115.04
426.00,630896.19,0.09,0.40,0.02,0.09,0.01,0.06,115.14
427.00,630896.10,0.09,0.40,0.02,0.09,0.01,0.06,115.23
428.00,630896.01,0.09,0.40,0.02,0.09,0.01,0.06,115.33
429.00,630895.91,0.09,0.39,0.02,0.09,0.01,0.06,115.42
430.00,630895.82,0.09,0.39,0.02,0.09,0.01,0.06,115.51
431.00,630895.73,0.09,0.39,0.02,0.09,0.01,0.06,115.61
432.00,630895.64,0.09,0.39,0.02,0.09,0.01,0.06,115.70
433.00,630895.55,0.09,0.39,0.02,0.09,0.01,0.06,115.79
434.00,630895.46,0.09,0.39,0.02,0.09,0.01,0.06,115.89
435.00,630895.38,0.09,0.38,0.02,0.09,0.01,0.06,115.98
436.00,630895.29,0.09,0.38,0.02,0.09,0.01,0.06,116.07
437.00,630895.20,0.08,0.38,0.02,0.08,0.01,0.06,116.16
438.00,630895.11,0.08,0.38,0.02,0.08,0.01,0.06,116.25
439.00,630895.02,0.08,0.38,0.02,0.08,0.01,0.06,116.34
440.00,630894.94,0.08,0.38,0.02,0.08,0.01,0.06,116.43
441.00,630894.85,0.08,0.38,0.02,0.08,0.01,0.06,116.52
442.00,630894.76,0.08,0.37,0.02,0.08,0.01,0.06,116.61
443.00,630894.68,0.08,0.37,0.02,0.08,0.01,0.06,116.70
444.00,630894.59,0.08,0.37,0.02,0.08,0.01,0.06,116.78
445.00,630894.51,0.08,0.37,0.02,0.08,0.01,0.06,116.87
446.00,630894.42,0.08,0.37,0.02,0.08,0.01,0.06,116.96
447.00,630894.34,0.08,0.37,0.02,0.08,0.01,0.06,117.05
448.00,630894.25,0.08,0.36,0.02,0.08,0.01,0.06,117.13
449.00,630894.17,0.08,0.36,0.02,0.08,0.01,0.06,117.22
450.00,630894.09,0.08,0.36,0.02,0.08,0.01,0.06,117.31
451.00,630894.00,0.08,0.36,0.02,0.08,0.01,0.06,117.39
452.00,630893.92,0.08,0.36,0.02,0.08,0.01,0.06,117.48
453.00,630893.84,0.08,0.36,0.02,0.08,0.01,0.06,117.56
454.00,630893.76,0.08,0.36,0.02,0.08,0.01,0.06,117.65
455.00,630893.67,0.08,0.35,0.02,0.08,0.01,0.05,117.73
456.00,630893.59,0.08,0.35,0.02,0.08,0.01,0.05,117.81
457.00,630893.51,0.08,0.35,0.02,0.08,0.01,0.05,117.90
458.00,630893.43,0.08,0.35,0.02,0.08,0.01,0.05,117.98
459.00,630893.35,0.08,0.35,0.02,0.08,0.01,0.05,118.06
460.00,630893.27,0.08,0.35,0.02,0.08,0.01,0.05,118.15
461.00,630893.19,0.08,0.35,0.02,0.08,0.01,0.05,118.23
462.00,630893.11,0.08,0.34,0.02,0.08,0.01,0.05,118.31
463.00,630893.03,0.08,0.34,0.02,0.08,0.01,0.05,118.39
464.00,630892.95,0.08,0.34,0.02,0.08,0.01,0.05,118.47
465.00,630892.88,0.08,0.34,0.02,0.08,0.01,0.05,118.55
466.00,630892.80,0.08,0.34,0.02,0.08,0.01,0.05,118.63
467.00,630892.72,0.07,0.34,0.02,0.07,0.01,0.05,118.71
468.00,630892.64,0.07,0.34,0.02,0.07,0.01,0.05,118.79
469.00,630892.56,0.07,0.33,0.02,0.07,0.01,0.05,118.87
470.00,630892.49,0.07,0.33,0.02,0.07,0.01,0.05,118.95
471.00,630892.41,0.07,0.33,0.02,0.07,0.01,0.05,119.03
472.00,630892.34,0.07,0.33,0.02,0.07,0.01,0.05,119.11
473.00,630892.26,0.07,0.33,0.02,0.07,0.01,0.05,119.19
474.00,630892.18,0.07,0.33,0.02,0.07,0.01,0.05,119.27
475.00,630892.11,0.07,0.33,0.02,0.07,0.01,0.05,119.34
476.00,630892.03,0.07,0.32,0.02,0.07,0.01,0.05,119.42
477.00,630891.96,0.07,0.32,0.02,0.07,0.01,0.05,119.50
478.00,630891.89,0.07,0.32,0.02,0.07,0.01,0.05,119.57
479.00,630891.81,0.07,0.32,0.02,0.07,0.01,0.05,119.65
480.00,630891.74,0.07,0.32,0.02,0.07,0.01,0.05,119.73
481.00,630891.66,0.07,0.32,0.02,0.07,0.01,0.05,119.80
482.00,630891.59,0.07,0.32,0.02,0.07,0.01,0.05,119.88
483.00,630891.52,0.07,0.31,0.02,0.07,0.01,0.05,119.95
484.00,630891.45,0.07,0.31,0.02,0.07,0.01,0.05,120.03
485.00,630891.37,0.07,0.31,0.02,0.07,0.01,0.05,120.10
486.00,630891.30,0.07,0.31,0.02,0.07,0.01,0.05,120.17
487.00,630891.23,0.07,0.31,0.02,0.07,0.01,0.05,120.25
488.00,630891.16,0.07,0.31,0.02,0.07,0.01,0.05,120.32
489.00,630891.09,0.07,0.31,0.02,0.07,0.01,0.05,120.39
490.00,630891.02,0.07,0.31,0.02,0.07,0.01,0.05,120.47
491.00,630890.95,0.07,0.30,0.02,0.07,0.01,0.05,120.54
492.00,630890.88,0.07,0.30,0.01,0.07,0.01,0.05,120.61
493.00,630890.81,0.07,0.30,0.01,0.07,0.01,0.05,120.68
494.00,630890.74,0.07,0.30,0.01,0.07,0.01,0.05,120.76
495.00,630890.67,0.07,0.30,0.01,0.07,0.01,0.05,120.83
496.00,630890.60,0.07,0.30,0.01,0.07,0.01,0.05,120.90
497.00,630890.53,0.07,0.30,0.01,0.07,0.01,0.05,120.97
498.00,630890.46,0.07,0.30,0.01,0.07,0.01,0.05,121.04
499.00,630890.40,0.07,0.29,0.01,0.07,0.01,0.05,121.11
500.00,630890.33,0.07,0.29,0.01,0.07,0.01,0.05,121.18
501.00,630890.26,0.06,0.29,0.01,0.06,0.01,0.05,121.25
502.00,630890.19,0.06,0.29,0.01,0.06,0.01,0.05,121.32
503.00,630890.13,0.06,0.29,0.01,0.06,0.01,0.04,121.39
504.00,630890.06,0.06,0.29,0.01,0.06,0.01,0.04,121.45
505.00,630889.99,0.06,0.29,0.01,0.06,0.01,0.04,121.52
506.00,630889.93,0.06,0.29,0.01,0.06,0.01,0.04,121.59
507.00,630889.86,0.06,0.28,0.01,0.06,0.01,0.04,121.66
508.00,630889.80,0.06,0.28,0.01,0.06,0.01,0.04,121.73
509.00,630889.73,0.06,0.28,0.01,0.06,0.01,0.04,121.79
510.00,630889.67,0.06,0.28,0.01,0.06,0.01,0.04,121.86
511.00,630889.60,0.06,0.28,0.01,0.06,0.01,0.04,121.93
512.00,630889.54,0.06,0.28,0.01,0.06,0.01,0.04,121.99
513.00,630889.47,0.06,0.28,0.01,0.06,0.01,0.04,122.06
514.00,630889.41,0.06,0.28,0.01,0.06,0.01,0.04,122.13
515.00,630889.35,0.06,0.28,0.01,0.06,0.01,0.04,122.19
516.00,630889.28,0.06,0.27,0.01,0.06,0.01,0.04,122.26
517.00,630889.22,0.06,0.27,0.01,0.06,0.01,0.04,122.32
518.00,630889.16,0.06,0.27,0.01,0.06,0.01,0.04,122.39
519.00,630889.09,0.06,0.27,0.01,0.06,0.01,0.04,122.45
520.00,630889.03,0.06,0.27,0.01,0.06,0.01,0.04,122.51
521.00,630888.97,0.06,0.27,0.01,0.06,0.01,0.04,122.58
522.00,630888.91,0.06,0.27,0.01,0.06,0.01,0.04,122.64
523.00,630888.85,0.06,0.27,0.01,0.06,0.01,0.04,122.71
524.00,630888.78,0.06,0.27,0.01,0.06,0.01,0.04,122.77
525.00,630888.72,0.06,0.26,0.01,0.06,0.01,0.04,122.83
526.00,630888.66,0.06,0.26,0.01,0.06,0.01,0.04,122.89
527.00,630888.60,0.06,0.26,0.01,0.06,0.01,0.04,122.96
528.00,630888.54,0.06,0.26,0.01,0.06,0.01,0.04,123.02
529.00,630888.48,0.06,0.26,0.01,0.06,0.01,0.04,123.08
530.00,630888.42,0.06,0.26,0.01,0.06,0.01,0.04,123.14
531.00,630888.36,0.06,0.26,0.01,0.06,0.01,0.04,123.20
532.00,630888.30,0.06,0.26,0.01,0.06,0.01,0.04,123.26
533.00,630888.24,0.06,0.26,0.01,0.06,0.01,0.04,123.33
534.00,630888.19,0.06,0.25,0.01,0.06,0.01,0.04,123.39
535.00,630888.13,0.06,0.25,0.01,0.06,0.01,0.04,123.45
536.00,630888.07,0.06,0.25,0.01,0.06,0.01,0.04,123.51
537.00,630888.01,0.06,0.25,0.01,0.06,0.01,0.04,123.57
538.00,630887.95,0.06,0.25,0.01,0.06,0.01,0.04,123.63
539.00,630887.90,0.06,0.25,0.01,0.06,0.01,0.04,123.69
540.00,630887.84,0.06,0.25,0.01,0.06,0.01,0.04,123.74
541.00,630887.78,0.05,0.25,0.01,0.05,0.01,0.04,123.80
542.00,630887.72,0.05,0.25,0.01,0.05,0.01,0.04,123.86
543.00,630887.67,0.05,0.25,0.01,0.05,0.01,0.04,123.92
544.00,630887.61,0.05,0.24,0.01,0.05,0.01,0.04,123.98
545.00,630887.56,0.05,0.24,0.01,0.05,0.01,0.04,124.04
546.00,630887.50,0.05,0.24,0.01,0.05,0.01,0.04,124.09
547.00,630887.44,0.05,0.24,0.01,0.05,0.01,0.04,124.15
548.00,630887.39,0.05,0.24,0.01,0.05,0.01,0.04,124.21
549.00,630887.33,0.05,0.24,0.01,0.05,0.01,0.04,124.26
550.00,630887.28,0.05,0.24,0.01,0.05,0.01,0.04,124.32
551.00,630887.22,0.05,0.24,0.01,0.05,0.01,0.04,124.38
552.00,630887.17,0.05,0.24,0.01,0.05,0.01,0.04,124.43
553.00,630887.11,0.05,0.24,0.01,0.05,0.01,0.04,124.49
554.00,630887.06,0.05,0.23,0.01,0.05,0.01,0.04,124.55
555.00,630887.01,0.05,0.23,0.01,0.05,0.01,0.04,124.60
556.00,630886.95,0.05,0.23,0.01,0.05,0.01,0.04,124.66
557.00,630886.90,0.05,0.23,0.01,0.05,0.01,0.04,124.71
558.00,630886.85,0.05,0.23,0.01,0.05,0.01,0.04,124.77
559.00,630886.79,0.05,0.23,0.01,0.05,0.01,0.04,124.82
560.00,630886.74,0.05,0.23,0.01,0.05,0.01,0.04,124.87
561.00,630886.69,0.05,0.23,0.01,0.05,0.01,0.04,124.93
562.00,630886.64,0.05,0.23,0.01,0.05,0.01,0.04,124.98
563.00,630886.58,0.05,0.23,0.01,0.05,0.01,0.03,125.04
564.00,630886.53,0.05,0.22,0.01,0.05,0.01,0.03,125.09
565.00,630886.48,0.05,0.22,0.01,0.05,0.01,0.03,125.14
566.00,630886.43,0.05,0.22,0.01,0.05,0.01,0.03,125.20
567.00,630886.38,0.05,0.22,0.01,0.05,0.01,0.03,125.25
568.00,630886.33,0.05,0.22,0.01,0.05,0.01,0.03,125.30
569.00,630886.28,0.05,0.22,0.01,0.05,0.01,0.03,125.35
570.00,630886.23,0.05,0.22,0.01,0.05,0.01,0.03,125.41
571.00,630886.18,0.05,0.22,0.01,0.05,0.01,0.03,125.46
572.00,630886.13,0.05,0.22,0.01,0.05,0.01,0.03,125.51
573.00,630886.08,0.05,0.22,0.01,0.05,0.01,0.03,125.56
574.00,630886.03,0.05,0.22,0.01,0.05,0.01,0.03,125.61
575.00,630885.98,0.05,0.21,0.01,0.05,0.01,0.03,125.66
576.00,630885.93,0.05,0.21,0.01,0.05,0.01,0.03,125.71
577.00,630885.88,0.05,0.21,0.01,0.05,0.01,0.03,125.76
578.00,630885.83,0.05,0.21,0.01,0.05,0.01,0.03,125.81
579.00,630885.78,0.05,0.21,0.01,0.05,0.01,0.03,125.86
580.00,630885.73,0.05,0.21,0.01,0.05,0.01,0.03,125.91
581.00,630885.68,0.05,0.21,0.01,0.05,0.01,0.03,125.96
582.00,630885.64,0.05,0.21,0.01,0.05,0.01,0.03,126.01
583.00,630885.59,0.05,0.21,0.01,0.05,0.01,0.03,126.06
584.00,630885.54,0.05,0.21,0.01,0.05,0.01,0.03,126.11
585.00,630885.49,0.05,0.21,0.01,0.05,0.01,0.03,126.16
586.00,630885.45,0.05,0.20,0.01,0.05,0.01,0.03,126.21
587.00,630885.40,0.05,0.20,0.01,0.05,0.01,0.03,126.26
588.00,630885.35,0.05,0.20,0.01,0.05,0.01,0.03,126.31
589.00,630885.30,0.04,0.20,0.01,0.04,0.01,0.03,126.35
590.00,630885.26,0.04,0.20,0.01,0.04,0.01,0.03,126.40
591.00,630885.21,0.04,0.20,0.01,0.04,0.01,0.03,126.45
592.00,630885.17,0.04,0.20,0.01,0.04,0.01,0.03,126.50
593.00,630885.12,0.04,0.20,0.01,0.04,0.01,0.03,126.55
594.00,630885.07,0.04,0.20,0.01,0.04,0.01,0.03,126.59
595.00,630885.03,0.04,0.20,0.01,0.04,0.01,0.03,126.64
596.00,630884.98,0.04,0.20,0.01,0.04,0.01,0.03,126.69
597.00,630884.94,0.04,0.20,0.01,0.04,0.01,0.03,126.73
598.00,630884.89,0.04,0.19,0.01,0.04,0.01,0.03,126.78
599.00,630884.85,0.04,0.19,0.01,0.04,0.01,0.03,126.83
600.00,630884.80,0.04,0.19,0.01,0.04,0.01,0.03,126.87
601.00,630884.76,0.04,0.19,0.01,0.04,0.01,0.03,126.92
602.00,630884.72,0.04,0.19,0.01,0.04,0.01,0.03,126.96
603.00,630884.67,0.04,0.19,0.01,0.04,0.01,0.03,127.01
604.00,630884.63,0.04,0.19,0.01,0.04,0.01,0.03,127.05
605.00,630884.58,0.04,0.19,0.01,0.04,0.01,0.03,127.10
606.00,630884.54,0.04,0.19,0.01,0.04,0.01,0.03,127.14
607.00,630884.50,0.04,0.19,0.01,0.04,0.01,0.03,127.19
608.00,630884.45,0.04,0.19,0.01,0.04,0.01,0.03,127.23
609.00,630884.41,0.04,0.19,0.01,0.04,0.01,0.03,127.28
610.00,630884.37,0.04,0.19,0.01,0.04,0.01,0.03,127.32
611.00,630884.33,0.04,0.18,0.01,0.04,0.01,0.03,127.36
612.00,630884.28,0.04,0.18,0.01,0.04,0.01,0.03,127.41
613.00,630884.24,0.04,0.18,0.01,0.04,0.01,0.03,127.45
614.00,630884.20,0.04,0.18,0.01,0.04,0.01,0.03,127.49
615.00,630884.16,0.04,0.18,0.01,0.04,0.01,0.03,127.54
616.00,630884.12,0.04,0.18,0.01,0.04,0.01,0.03,127.58
617.00,630884.07,0.04,0.18,0.01,0.04,0.01,0.03,127.62
618.00,630884.03,0.04,0.18,0.01,0.04,0.01,0.03,127.67
619.00,630883.99,0.04,0.18,0.01,0.04,0.01,0.03,127.71
620.00,630883.95,0.04,0.18,0.01,0.04,0.01,0.03,127.75
621.00,630883.91,0.04,0.18,0.01,0.04,0.01,0.03,127.79
622.00,630883.87,0.04,0.18,0.01,0.04,0.01,0.03,127.83
623.00,630883.83,0.04,0.18,0.01,0.04,0.01,0.03,127.88
624.00,630883.79,0.04,0.17,0.01,0.04,0.01,0.03,127.92
625.00,630883.75,0.04,0.17,0.01,0.04,0.01,0.03,127.96
626.00,630883.71,0.04,0.17,0.01,0.04,0.01,0.03,128.00
627.00,630883.67,0.04,0.17,0.01,0.04,0.01,0.03,128.04
628.00,630883.63,0.04,0.17,0.01,0.04,0.01,0.03,128.08
629.00,630883.59,0.04,0.17,0.01,0.04,0.01,0.03,128.12
630.00,630883.55,0.04,0.17,0.01,0.04,0.01,0.03,128.16
631.00,630883.51,0.04,0.17,0.01,0.04,0.01,0.03,128.20
632.00,630883.47,0.04,0.17,0.01,0.04,0.01,0.03,128.24
633.00,630883.43,0.04,0.17,0.01,0.04,0.01,0.03,128.28
634.00,630883.39,0.04,0.17,0.01,0.04,0.01,0.03,128.32
635.00,630883.36,0.04,0.17,0.01,0.04,0.01,0.03,128.36
636.00,630883.32,0.04,0.17,0.01,0.04,0.01,0.03,128.40
637.00,630883.28,0.04,0.17,0.01,0.04,0.01,0.03,128.44
638.00,630883.24,0.04,0.16,0.01,0.04,0.01,0.03,128.48
639.00,630883.20,0.04,0.16,0.01,0.04,0.01,0.03,128.52
640.00,630883.16,0.04,0.16,0.01,0.04,0.01,0.03,128.56
641.00,630883.13,0.04,0.16,0.01,0.04,0.01,0.03,128.60
642.00,630883.09,0.04,0.16,0.01,0.04,0.01,0.03,128.64
643.00,630883.05,0.04,0.16,0.01,0.04,0.01,0.02,128.68
644.00,630883.02,0.04,0.16,0.01,0.04,0.01,0.02,128.71
645.00,630882.98,0.04,0.16,0.01,0.04,0.01,0.02,128.75
646.00,630882.94,0.04,0.16,0.01,0.04,0.01,0.02,128.79
647.00,630882.91,0.04,0.16,0.01,0.04,0.01,0.02,128.83
648.00,630882.87,0.04,0.16,0.01,0.04,0.01,0.02,128.87
649.00,630882.83,0.03,0.16,0.01,0.03,0.01,0.02,128.90
650.00,630882.80,0.03,0.16,0.01,0.03,0.01,0.02,128.94
651.00,630882.76,0.03,0.16,0.01,0.03,0.01,0.02,128.98
652.00,630882.72,0.03,0.16,0.01,0.03,0.01,0.02,129.01
653.00,630882.69,0.03,0.15,0.01,0.03,0.01,0.02,129.05
654.00,630882.65,0.03,0.15,0.01,0.03,0.01,0.02,129.09
655.00,630882.62,0.03,0.15,0.01,0.03,0.01,0.02,129.12
656.00,630882.58,0.03,0.15,0.01,0.03,0.01,0.02,129.16
657.00,630882.55,0.03,0.15,0.01,0.03,0.01,0.02,129.20
658.00,630882.51,0.03,0.15,0.01,0.03,0.01,0.02,129.23
659.00,630882.48,0.03,0.15,0.01,0.03,0.01,0.02,129.27
660.00,630882.44,0.03,0.15,0.01,0.03,0.01,0.02,129.30
661.00,630882.41,0.03,0.15,0.01,0.03,0.01,0.02,129.34
662.00,630882.37,0.03,0.15,0.01,0.03,0.01,0.02,129.38
663.00,630882.34,0.03,0.15,0.01,0.03,0.01,0.02,129.41
664.00,630882.31,0.03,0.15,0.01,0.03,0.01,0.02,129.45
665.00,630882.27,0.03,0.15,0.01,0.03,0.01,0.02,129.48
666.00,630882.24,0.03,0.15,0.01,0.03,0.01,0.02,129.52
667.00,630882.20,0.03,0.15,0.01,0.03,0.01,0.02,129.55
668.00,630882.17,0.03,0.15,0.01,0.03,0.01,0.02,129.59
669.00,630882.14,0.03,0.14,0.01,0.03,0.00,0.02,129.62
670.00,630882.10,0.03,0.14,0.01,0.03,0.00,0.02,129.65
671.00,630882.07,0.03,0.14,0.01,0.03,0.00,0.02,129.69
672.00,630882.04,0.03,0.14,0.01,0.03,0.00,0.02,129.72
673.00,630882.00,0.03,0.14,0.01,0.03,0.00,0.02,129.76
674.00,630881.97,0.03,0.14,0.01,0.03,0.00,0.02,129.79
675.00,630881.94,0.03,0.14,0.01,0.03,0.00,0.02,129.82
676.00,630881.91,0.03,0.14,0.01,0.03,0.00,0.02,129.86
677.00,630881.87,0.03,0.14,0.01,0.03,0.00,0.02,129.89
678.00,630881.84,0.03,0.14,0.01,0.03,0.00,0.02,129.92
679.00,630881.81,0.03,0.14,0.01,0.03,0.00,0.02,129.96
680.00,630881.78,0.03,0.14,0.01,0.03,0.00,0.02,129.99
681.00,630881.75,0.03,0.14,0.01,0.03,0.00,0.02,130.02
682.00,630881.71,0.03,0.14,0.01,0.03,0.00,0.02,130.05
683.00,630881.68,0.03,0.14,0.01,0.03,0.00,0.02,130.09
684.00,630881.65,0.03,0.14,0.01,0.03,0.00,0.02,130.12
685.00,630881.62,0.03,0.14,0.01,0.03,0.00,0.02,130.15
686.00,630881.59,0.03,0.13,0.01,0.03,0.00,0.02,130.18
687.00,630881.56,0.03,0.13,0.01,0.03,0.00,0.02,130.22
688.00,630881.53,0.03,0.13,0.01,0.03,0.00,0.02,130.25
689.00,630881.50,0.03,0.13,0.01,0.03,0.00,0.02,130.28
690.00,630881.47,0.03,0.13,0.01,0.03,0.00,0.02,130.31
691.00,630881.44,0.03,0.13,0.01,0.03,0.00,0.02,130.34
692.00,630881.41,0.03,0.13,0.01,0.03,0.00,0.02,130.37
693.00,630881.38,0.03,0.13,0.01,0.03,0.00,0.02,130.40
694.00,630881.35,0.03,0.13,0.01,0.03,0.00,0.02,130.44
695.00,630881.32,0.03,0.13,0.01,0.03,0.00,0.02,130.47
696.00,630881.29,0.03,0.13,0.01,0.03,0.00,0.02,130.50
697.00,630881.26,0.03,0.13,0.01,0.03,0.00,0.02,130.53
698.00,630881.23,0.03,0.13,0.01,0.03,0.00,0.02,130.56
699.00,630881.20,0.03,0.13,0.01,0.03,0.00,0.02,130.59
700.00,630881.17,0.03,0.13,0.01,0.03,0.00,0.02,130.62
